Water_sample_ID;Fieldwork_ID;Water_subsurface_temperature_celcius;Water_subsurface_salinity_psu;Water_subsurface_dissolved_oxygen_mg_per_L;Water_subsurface_pH;Water_subsurface_turbidity_fnu;Water_subsurface_chlorophyll_a_concentration_µg_per_L;Water_subsurface_nitrite_concentration_µM;Water_subsurface_nitrate_concentration_µM;Water_subsurface_silica_concentration_µM;Water_subsurface_phosphate_concentration_µM;Water_subsurface_ammonium_concentration_µM;Water_surface_Ag_concentration_µg_per_L;Water_surface_Al_concentration_µg_per_L;Water_surface_As_concentration_µg_per_L;Water_surface_Ba_concentration_µg_per_L;Water_surface_Cd_concentration_µg_per_L;Water_surface_Co_concentration_µg_per_L;Water_surface_Cr_concentration_µg_per_L;Water_surface_Cu_concentration_µg_per_L;Water_surface_Fe_concentration_µg_per_L;Water_surface_In_concentration_µg_per_L;Water_surface_Mn_concentration_µg_per_L;Water_surface_Mo_concentration_µg_per_L;Water_surface_Ni_concentration_µg_per_L;Water_surface_Pb_concentration_µg_per_L;Water_surface_Sb_concentration_µg_per_L;Water_surface_Se_concentration_µg_per_L;Water_surface_Sn_concentration_µg_per_L;Water_surface_V_concentration_µg_per_L;Water_surface_Zn_concentration_µg_per_L;Water_surface_naphthalene_concentration_ng_per_L;Water_surface_C1_naphthalene_concentration_ng_per_L;Water_surface_C2_naphthalene_concentration_ng_per_L;Water_surface_C3_naphthalene_concentration_ng_per_L;Water_surface_benzothiophene_concentration_ng_per_L;Water_surface_C1_benzothiophene_concentration_ng_per_L;Water_surface_C2_benzothiophene_concentration_ng_per_L;Water_surface_C3_benzothiophene_concentration_ng_per_L;Water_surface_biphenyl_concentration_ng_per_L;Water_surface_acenapthtylene_concentration_ng_per_L;Water_surface_acenaphthene_concentration_ng_per_L;Water_surface_fluorene_concentration_ng_per_L;Water_surface_C1_fluorene_concentration_ng_per_L;Water_surface_C2_fluorene_concentration_ng_per_L;Water_surface_C3_fluorene_concentration_ng_per_L;Water_surface_phenanthrene_concentration_ng_per_L;Water_surface_anthracene_concentration_ng_per_L;Water_surface_C1_phenanthrene_and_anthracene_concentration_ng_per_L;Water_surface_C2_phenanthrene_and_anthracene_concentration_ng_per_L;Water_surface_C3_phenanthrene_and_anthracene_concentration_ng_per_L;Water_surface_dibenzothiophene_concentration_ng_per_L;Water_surface_C1_dibenzothiophene_concentration_ng_per_L;Water_surface_C2_dibenzothiophene_concentration_ng_per_L;Water_surface_C3_dibenzothiophene_concentration_ng_per_L;Water_surface_fluoranthene_concentration_ng_per_L;Water_surface_pyrene_concentration_ng_per_L;Water_surface_C1_fluoranthene_and_pyrene_concentration_ng_per_L;Water_surface_C2_fluoranthene_and_pyrene_concentration_ng_per_L;Water_surface_C3_fluoranthene_and_pyrene_concentration_ng_per_L;Water_surface_benz_a_anthracene_concentration_ng_per_L;Water_surface_chrysene_concentration_ng_per_L;Water_surface_C1_chrysene_concentration_ng_per_L;Water_surface_C2_chrysene_concentration_ng_per_L;Water_surface_C3_chrysene_concentration_ng_per_L;Water_surface_benzo_b_k_fluranthene_concentration_ng_per_L;Water_surface_benzo_e_pyrene_concentration_ng_per_L;Water_surface_benzo_a_pyrene_concentration_ng_per_L;Water_surface_perylene_concentration_ng_per_L;Water_surface_indeno_1_2_3_cd_pyrene_concentration_ng_per_L;Water_surface_dibenz_a_h_anthracene_concentration_ng_per_L;Water_surface_benzo_ghi_perylene_concentration_ng_per_L;Water_measurements_protocol_DOI
QUALIPERTUIS_water_sample_01;2019-10-16_L'Houmeau_marsh_reference;16.35;34.58;7.42;7.91;34.60;NP;NP;NP;NP;NP;NP;NP;NP;NP;NP;NP;NP;NP;NP;NP;NP;NP;NP;NP;NP;NP;NP;NP;NP;NP;NP;NP;NP;NP;NP;NP;NP;NP;NP;NP;NP;NP;NP;NP;NP;NP;NP;NP;NP;NP;NP;NP;NP;NP;NP;NP;NP;NP;NP;NP;NP;NP;NP;NP;NP;NP;NP;NP;NP;NP;NP;https://doi.org/10.1016/j.marenvres.2020.104962 and https://doi.org/10.1016/j.ecoenv.2016.01.011
QUALIPERTUIS_water_sample_02;2019-10-21_Minimes_fairing;17.04;32.17;7.35;7.83;10.20;NP;NP;NP;NP;NP;NP;NP;NP;NP;NP;NP;NP;NP;NP;NP;NP;NP;NP;NP;NP;NP;NP;NP;NP;NP;NP;NP;NP;NP;NP;NP;NP;NP;NP;NP;NP;NP;NP;NP;NP;NP;NP;NP;NP;NP;NP;NP;NP;NP;NP;NP;NP;NP;NP;NP;NP;NP;NP;NP;NP;NP;NP;NP;NP;NP;NP;https://doi.org/10.1016/j.marenvres.2020.104962 and https://doi.org/10.1016/j.ecoenv.2016.01.011
QUALIPERTUIS_water_sample_03;2019-10-21_Minimes_rain_waters;17.21;33.54;7.10;7.84;5.60;NP;NP;NP;NP;NP;NP;NP;NP;NP;NP;NP;NP;NP;NP;NP;NP;NP;NP;NP;NP;NP;NP;NP;NP;NP;NP;NP;NP;NP;NP;NP;NP;NP;NP;NP;NP;NP;NP;NP;NP;NP;NP;NP;NP;NP;NP;NP;NP;NP;NP;NP;NP;NP;NP;NP;NP;NP;NP;NP;NP;NP;NP;NP;NP;NP;NP;https://doi.org/10.1016/j.marenvres.2020.104962 and https://doi.org/10.1016/j.ecoenv.2016.01.011
QUALIPERTUIS_water_sample_04;2019-10-21_Minimes_oil;16.57;33.42;8.34;7.89;3.10;NP;NP;NP;NP;NP;NP;NP;NP;NP;NP;NP;NP;NP;NP;NP;NP;NP;NP;NP;NP;NP;NP;NP;NP;NP;NP;NP;NP;NP;NP;NP;NP;NP;NP;NP;NP;NP;NP;NP;NP;NP;NP;NP;NP;NP;NP;NP;NP;NP;NP;NP;NP;NP;NP;NP;NP;NP;NP;NP;NP;NP;NP;NP;NP;NP;NP;https://doi.org/10.1016/j.marenvres.2020.104962 and https://doi.org/10.1016/j.ecoenv.2016.01.011
QUALIPERTUIS_water_sample_05;2019-10-23_L'Houmeau_marsh_reference;13.88;35.83;8.41;8.28;17.60;NP;NP;NP;NP;NP;NP;NP;NP;NP;NP;NP;NP;NP;NP;NP;NP;NP;NP;NP;NP;NP;NP;NP;NP;NP;NP;NP;NP;NP;NP;NP;NP;NP;NP;NP;NP;NP;NP;NP;NP;NP;NP;NP;NP;NP;NP;NP;NP;NP;NP;NP;NP;NP;NP;NP;NP;NP;NP;NP;NP;NP;NP;NP;NP;NP;NP;https://doi.org/10.1016/j.marenvres.2020.104962 and https://doi.org/10.1016/j.ecoenv.2016.01.011
QUALIPERTUIS_water_sample_06;2019-11-04_Minimes_fairing;14.69;29.86;10.28;8.00;6.70;NP;NP;NP;NP;NP;NP;NP;NP;NP;NP;NP;NP;NP;NP;NP;NP;NP;NP;NP;NP;NP;NP;NP;NP;NP;NP;NP;NP;NP;NP;NP;NP;NP;NP;NP;NP;NP;NP;NP;NP;NP;NP;NP;NP;NP;NP;NP;NP;NP;NP;NP;NP;NP;NP;NP;NP;NP;NP;NP;NP;NP;NP;NP;NP;NP;NP;https://doi.org/10.1016/j.marenvres.2020.104962 and https://doi.org/10.1016/j.ecoenv.2016.01.011
QUALIPERTUIS_water_sample_07;2019-11-04_Minimes_rain_waters;14.86;30.53;9.90;7.99;4.20;NP;NP;NP;NP;NP;NP;NP;NP;NP;NP;NP;NP;NP;NP;NP;NP;NP;NP;NP;NP;NP;NP;NP;NP;NP;NP;NP;NP;NP;NP;NP;NP;NP;NP;NP;NP;NP;NP;NP;NP;NP;NP;NP;NP;NP;NP;NP;NP;NP;NP;NP;NP;NP;NP;NP;NP;NP;NP;NP;NP;NP;NP;NP;NP;NP;NP;https://doi.org/10.1016/j.marenvres.2020.104962 and https://doi.org/10.1016/j.ecoenv.2016.01.011
QUALIPERTUIS_water_sample_08;2019-11-04_Minimes_oil;14.81;30.68;10.06;7.95;10.70;NP;NP;NP;NP;NP;NP;NP;NP;NP;NP;NP;NP;NP;NP;NP;NP;NP;NP;NP;NP;NP;NP;NP;NP;NP;NP;NP;NP;NP;NP;NP;NP;NP;NP;NP;NP;NP;NP;NP;NP;NP;NP;NP;NP;NP;NP;NP;NP;NP;NP;NP;NP;NP;NP;NP;NP;NP;NP;NP;NP;NP;NP;NP;NP;NP;NP;https://doi.org/10.1016/j.marenvres.2020.104962 and https://doi.org/10.1016/j.ecoenv.2016.01.011
QUALIPERTUIS_water_sample_09;2019-11-06_L'Houmeau_marsh_reference;12.11;31.52;10.90;8.28;12.10;NP;NP;NP;NP;NP;NP;NP;NP;NP;NP;NP;NP;NP;NP;NP;NP;NP;NP;NP;NP;NP;NP;NP;NP;NP;NP;NP;NP;NP;NP;NP;NP;NP;NP;NP;NP;NP;NP;NP;NP;NP;NP;NP;NP;NP;NP;NP;NP;NP;NP;NP;NP;NP;NP;NP;NP;NP;NP;NP;NP;NP;NP;NP;NP;NP;NP;https://doi.org/10.1016/j.marenvres.2020.104962 and https://doi.org/10.1016/j.ecoenv.2016.01.011
QUALIPERTUIS_water_sample_10;2019-11-13_Minimes_fairing;11.95;28.18;10.29;7.68;13.40;NP;NP;NP;NP;NP;NP;NP;NP;NP;NP;NP;NP;NP;NP;NP;NP;NP;NP;NP;NP;NP;NP;NP;NP;NP;NP;NP;NP;NP;NP;NP;NP;NP;NP;NP;NP;NP;NP;NP;NP;NP;NP;NP;NP;NP;NP;NP;NP;NP;NP;NP;NP;NP;NP;NP;NP;NP;NP;NP;NP;NP;NP;NP;NP;NP;NP;https://doi.org/10.1016/j.marenvres.2020.104962 and https://doi.org/10.1016/j.ecoenv.2016.01.011
QUALIPERTUIS_water_sample_100;2021-10-15_Minimes_rain_waters;15.71;34.08;5.77;8.25;7.00;NP;NP;NP;NP;NP;NP;NP;NP;NP;NP;NP;NP;NP;NP;NP;NP;NP;NP;NP;NP;NP;NP;NP;NP;NP;NP;NP;NP;NP;NP;NP;NP;NP;NP;NP;NP;NP;NP;NP;NP;NP;NP;NP;NP;NP;NP;NP;NP;NP;NP;NP;NP;NP;NP;NP;NP;NP;NP;NP;NP;NP;NP;NP;NP;NP;NP;https://doi.org/10.1016/j.marenvres.2020.104962 and https://doi.org/10.1016/j.ecoenv.2016.01.011
QUALIPERTUIS_water_sample_101;2021-10-15_Minimes_oil;15.82;34.08;6.79;8.21;5.10;NP;NP;NP;NP;NP;NP;NP;NP;NP;NP;NP;NP;NP;NP;NP;NP;NP;NP;NP;NP;NP;NP;NP;NP;NP;NP;NP;NP;NP;NP;NP;NP;NP;NP;NP;NP;NP;NP;NP;NP;NP;NP;NP;NP;NP;NP;NP;NP;NP;NP;NP;NP;NP;NP;NP;NP;NP;NP;NP;NP;NP;NP;NP;NP;NP;NP;https://doi.org/10.1016/j.marenvres.2020.104962 and https://doi.org/10.1016/j.ecoenv.2016.01.011
QUALIPERTUIS_water_sample_102;2021-10-15_L'Houmeau_marsh_reference;15.84;34.16;6.32;8.33;5.00;NP;NP;NP;NP;NP;NP;NP;NP;NP;NP;NP;NP;NP;NP;NP;NP;NP;NP;NP;NP;NP;NP;NP;NP;NP;NP;NP;NP;NP;NP;NP;NP;NP;NP;NP;NP;NP;NP;NP;NP;NP;NP;NP;NP;NP;NP;NP;NP;NP;NP;NP;NP;NP;NP;NP;NP;NP;NP;NP;NP;NP;NP;NP;NP;NP;NP;https://doi.org/10.1016/j.marenvres.2020.104962 and https://doi.org/10.1016/j.ecoenv.2016.01.011
QUALIPERTUIS_water_sample_103;2021-10-29_Minimes_fairing;13.67;33.11;9.19;8.19;18.40;NP;NP;NP;NP;NP;NP;NP;NP;NP;NP;NP;NP;NP;NP;NP;NP;NP;NP;NP;NP;NP;NP;NP;NP;NP;NP;NP;NP;NP;NP;NP;NP;NP;NP;NP;NP;NP;NP;NP;NP;NP;NP;NP;NP;NP;NP;NP;NP;NP;NP;NP;NP;NP;NP;NP;NP;NP;NP;NP;NP;NP;NP;NP;NP;NP;NP;https://doi.org/10.1016/j.marenvres.2020.104962 and https://doi.org/10.1016/j.ecoenv.2016.01.011
QUALIPERTUIS_water_sample_104;2021-10-29_Minimes_rain_waters;15.54;32.44;8.20;8.00;5.20;NP;NP;NP;NP;NP;NP;NP;NP;NP;NP;NP;NP;NP;NP;NP;NP;NP;NP;NP;NP;NP;NP;NP;NP;NP;NP;NP;NP;NP;NP;NP;NP;NP;NP;NP;NP;NP;NP;NP;NP;NP;NP;NP;NP;NP;NP;NP;NP;NP;NP;NP;NP;NP;NP;NP;NP;NP;NP;NP;NP;NP;NP;NP;NP;NP;NP;https://doi.org/10.1016/j.marenvres.2020.104962 and https://doi.org/10.1016/j.ecoenv.2016.01.011
QUALIPERTUIS_water_sample_105;2021-10-29_Minimes_oil;15.44;32.41;8.08;8.05;4.70;NP;NP;NP;NP;NP;NP;NP;NP;NP;NP;NP;NP;NP;NP;NP;NP;NP;NP;NP;NP;NP;NP;NP;NP;NP;NP;NP;NP;NP;NP;NP;NP;NP;NP;NP;NP;NP;NP;NP;NP;NP;NP;NP;NP;NP;NP;NP;NP;NP;NP;NP;NP;NP;NP;NP;NP;NP;NP;NP;NP;NP;NP;NP;NP;NP;NP;https://doi.org/10.1016/j.marenvres.2020.104962 and https://doi.org/10.1016/j.ecoenv.2016.01.011
QUALIPERTUIS_water_sample_106;22021-10-29_L'Houmeau_marsh_reference;15.53;32.46;8.53;8.00;3.40;NP;NP;NP;NP;NP;NP;NP;NP;NP;NP;NP;NP;NP;NP;NP;NP;NP;NP;NP;NP;NP;NP;NP;NP;NP;NP;NP;NP;NP;NP;NP;NP;NP;NP;NP;NP;NP;NP;NP;NP;NP;NP;NP;NP;NP;NP;NP;NP;NP;NP;NP;NP;NP;NP;NP;NP;NP;NP;NP;NP;NP;NP;NP;NP;NP;NP;https://doi.org/10.1016/j.marenvres.2020.104962 and https://doi.org/10.1016/j.ecoenv.2016.01.011
QUALIPERTUIS_water_sample_107;2021-11-08_Minimes_fairing;11.13;27.09;11.70;8.24;10.00;NP;NP;NP;NP;NP;NP;NP;NP;NP;NP;NP;NP;NP;NP;NP;NP;NP;NP;NP;NP;NP;NP;NP;NP;NP;NP;NP;NP;NP;NP;NP;NP;NP;NP;NP;NP;NP;NP;NP;NP;NP;NP;NP;NP;NP;NP;NP;NP;NP;NP;NP;NP;NP;NP;NP;NP;NP;NP;NP;NP;NP;NP;NP;NP;NP;NP;https://doi.org/10.1016/j.marenvres.2020.104962 and https://doi.org/10.1016/j.ecoenv.2016.01.011
QUALIPERTUIS_water_sample_108;2021-11-08_Minimes_rain_waters;13.00;31.86;9.01;8.02;6.10;NP;NP;NP;NP;NP;NP;NP;NP;NP;NP;NP;NP;NP;NP;NP;NP;NP;NP;NP;NP;NP;NP;NP;NP;NP;NP;NP;NP;NP;NP;NP;NP;NP;NP;NP;NP;NP;NP;NP;NP;NP;NP;NP;NP;NP;NP;NP;NP;NP;NP;NP;NP;NP;NP;NP;NP;NP;NP;NP;NP;NP;NP;NP;NP;NP;NP;https://doi.org/10.1016/j.marenvres.2020.104962 and https://doi.org/10.1016/j.ecoenv.2016.01.011
QUALIPERTUIS_water_sample_109;2021-11-08_Minimes_oil;13.11;31.92;10.24;8.00;9.20;NP;NP;NP;NP;NP;NP;NP;NP;NP;NP;NP;NP;NP;NP;NP;NP;NP;NP;NP;NP;NP;NP;NP;NP;NP;NP;NP;NP;NP;NP;NP;NP;NP;NP;NP;NP;NP;NP;NP;NP;NP;NP;NP;NP;NP;NP;NP;NP;NP;NP;NP;NP;NP;NP;NP;NP;NP;NP;NP;NP;NP;NP;NP;NP;NP;NP;https://doi.org/10.1016/j.marenvres.2020.104962 and https://doi.org/10.1016/j.ecoenv.2016.01.011
QUALIPERTUIS_water_sample_11;2019-11-13_Minimes_rain_waters;12.31;29.28;9.27;7.89;11.50;NP;NP;NP;NP;NP;NP;NP;NP;NP;NP;NP;NP;NP;NP;NP;NP;NP;NP;NP;NP;NP;NP;NP;NP;NP;NP;NP;NP;NP;NP;NP;NP;NP;NP;NP;NP;NP;NP;NP;NP;NP;NP;NP;NP;NP;NP;NP;NP;NP;NP;NP;NP;NP;NP;NP;NP;NP;NP;NP;NP;NP;NP;NP;NP;NP;NP;https://doi.org/10.1016/j.marenvres.2020.104962 and https://doi.org/10.1016/j.ecoenv.2016.01.011
QUALIPERTUIS_water_sample_110;2021-11-08_L'Houmeau_marsh_reference;13.03;31.83;8.67;8.01;7.00;NP;NP;NP;NP;NP;NP;NP;NP;NP;NP;NP;NP;NP;NP;NP;NP;NP;NP;NP;NP;NP;NP;NP;NP;NP;NP;NP;NP;NP;NP;NP;NP;NP;NP;NP;NP;NP;NP;NP;NP;NP;NP;NP;NP;NP;NP;NP;NP;NP;NP;NP;NP;NP;NP;NP;NP;NP;NP;NP;NP;NP;NP;NP;NP;NP;NP;https://doi.org/10.1016/j.marenvres.2020.104962 and https://doi.org/10.1016/j.ecoenv.2016.01.011
QUALIPERTUIS_water_sample_12;2019-11-13_Minimes_oil;12.08;29.87;10.81;7.94;14.00;NP;NP;NP;NP;NP;NP;NP;NP;NP;NP;NP;NP;NP;NP;NP;NP;NP;NP;NP;NP;NP;NP;NP;NP;NP;NP;NP;NP;NP;NP;NP;NP;NP;NP;NP;NP;NP;NP;NP;NP;NP;NP;NP;NP;NP;NP;NP;NP;NP;NP;NP;NP;NP;NP;NP;NP;NP;NP;NP;NP;NP;NP;NP;NP;NP;NP;https://doi.org/10.1016/j.marenvres.2020.104962 and https://doi.org/10.1016/j.ecoenv.2016.01.011
QUALIPERTUIS_water_sample_13;2019-11-14_L'Houmeau_marsh_reference;9.16;30.38;10.70;8.52;5.80;NP;NP;NP;NP;NP;NP;NP;NP;NP;NP;NP;NP;NP;NP;NP;NP;NP;NP;NP;NP;NP;NP;NP;NP;NP;NP;NP;NP;NP;NP;NP;NP;NP;NP;NP;NP;NP;NP;NP;NP;NP;NP;NP;NP;NP;NP;NP;NP;NP;NP;NP;NP;NP;NP;NP;NP;NP;NP;NP;NP;NP;NP;NP;NP;NP;NP;https://doi.org/10.1016/j.marenvres.2020.104962 and https://doi.org/10.1016/j.ecoenv.2016.01.011
QUALIPERTUIS_water_sample_14;2020-01-20_L'Houmeau_marsh_reference;5.28;24.17;9.86;8.40;4.10;NP;NP;NP;NP;NP;NP;NP;NP;NP;NP;NP;NP;NP;NP;NP;NP;NP;NP;NP;NP;NP;NP;NP;NP;NP;NP;NP;NP;NP;NP;NP;NP;NP;NP;NP;NP;NP;NP;NP;NP;NP;NP;NP;NP;NP;NP;NP;NP;NP;NP;NP;NP;NP;NP;NP;NP;NP;NP;NP;NP;NP;NP;NP;NP;NP;NP;https://doi.org/10.1016/j.marenvres.2020.104962 and https://doi.org/10.1016/j.ecoenv.2016.01.011
QUALIPERTUIS_water_sample_15;2020-01-21_Minimes_fairing;9.75;30.42;7.92;8.02;11.30;NP;NP;NP;NP;NP;NP;NP;NP;NP;NP;NP;NP;NP;NP;NP;NP;NP;NP;NP;NP;NP;NP;NP;NP;NP;NP;NP;NP;NP;NP;NP;NP;NP;NP;NP;NP;NP;NP;NP;NP;NP;NP;NP;NP;NP;NP;NP;NP;NP;NP;NP;NP;NP;NP;NP;NP;NP;NP;NP;NP;NP;NP;NP;NP;NP;NP;https://doi.org/10.1016/j.marenvres.2020.104962 and https://doi.org/10.1016/j.ecoenv.2016.01.011
QUALIPERTUIS_water_sample_16;2020-01-21_Minimes_rain_waters;9.46;30.14;7.22;8.03;8.40;NP;NP;NP;NP;NP;NP;NP;NP;NP;NP;NP;NP;NP;NP;NP;NP;NP;NP;NP;NP;NP;NP;NP;NP;NP;NP;NP;NP;NP;NP;NP;NP;NP;NP;NP;NP;NP;NP;NP;NP;NP;NP;NP;NP;NP;NP;NP;NP;NP;NP;NP;NP;NP;NP;NP;NP;NP;NP;NP;NP;NP;NP;NP;NP;NP;NP;https://doi.org/10.1016/j.marenvres.2020.104962 and https://doi.org/10.1016/j.ecoenv.2016.01.011
QUALIPERTUIS_water_sample_17;2020-01-21_Minimes_oil;9.05;30.48;8.42;7.96;8.50;NP;NP;NP;NP;NP;NP;NP;NP;NP;NP;NP;NP;NP;NP;NP;NP;NP;NP;NP;NP;NP;NP;NP;NP;NP;NP;NP;NP;NP;NP;NP;NP;NP;NP;NP;NP;NP;NP;NP;NP;NP;NP;NP;NP;NP;NP;NP;NP;NP;NP;NP;NP;NP;NP;NP;NP;NP;NP;NP;NP;NP;NP;NP;NP;NP;NP;https://doi.org/10.1016/j.marenvres.2020.104962 and https://doi.org/10.1016/j.ecoenv.2016.01.011
QUALIPERTUIS_water_sample_18;2020-01-28_Minimes_fairing;9.61;31.06;8.97;8.01;19.60;NP;NP;NP;NP;NP;NP;NP;NP;NP;NP;NP;NP;NP;NP;NP;NP;NP;NP;NP;NP;NP;NP;NP;NP;NP;NP;NP;NP;NP;NP;NP;NP;NP;NP;NP;NP;NP;NP;NP;NP;NP;NP;NP;NP;NP;NP;NP;NP;NP;NP;NP;NP;NP;NP;NP;NP;NP;NP;NP;NP;NP;NP;NP;NP;NP;NP;https://doi.org/10.1016/j.marenvres.2020.104962 and https://doi.org/10.1016/j.ecoenv.2016.01.011
QUALIPERTUIS_water_sample_19;2020-01-28_Minimes_rain_waters;9.67;31.17;9.11;8.02;23.20;NP;NP;NP;NP;NP;NP;NP;NP;NP;NP;NP;NP;NP;NP;NP;NP;NP;NP;NP;NP;NP;NP;NP;NP;NP;NP;NP;NP;NP;NP;NP;NP;NP;NP;NP;NP;NP;NP;NP;NP;NP;NP;NP;NP;NP;NP;NP;NP;NP;NP;NP;NP;NP;NP;NP;NP;NP;NP;NP;NP;NP;NP;NP;NP;NP;NP;https://doi.org/10.1016/j.marenvres.2020.104962 and https://doi.org/10.1016/j.ecoenv.2016.01.011
QUALIPERTUIS_water_sample_20;2020-01-28_Minimes_oil;9.73;30.15;9.46;7.89;21.20;NP;NP;NP;NP;NP;NP;NP;NP;NP;NP;NP;NP;NP;NP;NP;NP;NP;NP;NP;NP;NP;NP;NP;NP;NP;NP;NP;NP;NP;NP;NP;NP;NP;NP;NP;NP;NP;NP;NP;NP;NP;NP;NP;NP;NP;NP;NP;NP;NP;NP;NP;NP;NP;NP;NP;NP;NP;NP;NP;NP;NP;NP;NP;NP;NP;NP;https://doi.org/10.1016/j.marenvres.2020.104962 and https://doi.org/10.1016/j.ecoenv.2016.01.011
QUALIPERTUIS_water_sample_21;2020-01-27_L'Houmeau_marsh_reference;8.81;24.73;8.95;8.45;14.50;NP;NP;NP;NP;NP;NP;NP;NP;NP;NP;NP;NP;NP;NP;NP;NP;NP;NP;NP;NP;NP;NP;NP;NP;NP;NP;NP;NP;NP;NP;NP;NP;NP;NP;NP;NP;NP;NP;NP;NP;NP;NP;NP;NP;NP;NP;NP;NP;NP;NP;NP;NP;NP;NP;NP;NP;NP;NP;NP;NP;NP;NP;NP;NP;NP;NP;https://doi.org/10.1016/j.marenvres.2020.104962 and https://doi.org/10.1016/j.ecoenv.2016.01.011
QUALIPERTUIS_water_sample_22;2020-02-11_Minimes_fairing;10.63;28.90;7.26;7.87;30.80;NP;NP;NP;NP;NP;NP;NP;NP;NP;NP;NP;NP;NP;NP;NP;NP;NP;NP;NP;NP;NP;NP;NP;NP;NP;NP;NP;NP;NP;NP;NP;NP;NP;NP;NP;NP;NP;NP;NP;NP;NP;NP;NP;NP;NP;NP;NP;NP;NP;NP;NP;NP;NP;NP;NP;NP;NP;NP;NP;NP;NP;NP;NP;NP;NP;NP;https://doi.org/10.1016/j.marenvres.2020.104962 and https://doi.org/10.1016/j.ecoenv.2016.01.011
QUALIPERTUIS_water_sample_23;2020-02-11_Minimes_rain_waters;10.74;28.96;6.71;7.86;33.30;NP;NP;NP;NP;NP;NP;NP;NP;NP;NP;NP;NP;NP;NP;NP;NP;NP;NP;NP;NP;NP;NP;NP;NP;NP;NP;NP;NP;NP;NP;NP;NP;NP;NP;NP;NP;NP;NP;NP;NP;NP;NP;NP;NP;NP;NP;NP;NP;NP;NP;NP;NP;NP;NP;NP;NP;NP;NP;NP;NP;NP;NP;NP;NP;NP;NP;https://doi.org/10.1016/j.marenvres.2020.104962 and https://doi.org/10.1016/j.ecoenv.2016.01.011
QUALIPERTUIS_water_sample_24;2020-02-11_Minimes_oil;10.67;28.78;8.20;7.91;28.50;NP;NP;NP;NP;NP;NP;NP;NP;NP;NP;NP;NP;NP;NP;NP;NP;NP;NP;NP;NP;NP;NP;NP;NP;NP;NP;NP;NP;NP;NP;NP;NP;NP;NP;NP;NP;NP;NP;NP;NP;NP;NP;NP;NP;NP;NP;NP;NP;NP;NP;NP;NP;NP;NP;NP;NP;NP;NP;NP;NP;NP;NP;NP;NP;NP;NP;https://doi.org/10.1016/j.marenvres.2020.104962 and https://doi.org/10.1016/j.ecoenv.2016.01.011
QUALIPERTUIS_water_sample_25;2020-02-10_L'Houmeau_marsh_reference;10.68;27.98;4.68;7.81;50.20;NP;NP;NP;NP;NP;NP;NP;NP;NP;NP;NP;NP;NP;NP;NP;NP;NP;NP;NP;NP;NP;NP;NP;NP;NP;NP;NP;NP;NP;NP;NP;NP;NP;NP;NP;NP;NP;NP;NP;NP;NP;NP;NP;NP;NP;NP;NP;NP;NP;NP;NP;NP;NP;NP;NP;NP;NP;NP;NP;NP;NP;NP;NP;NP;NP;NP;https://doi.org/10.1016/j.marenvres.2020.104962 and https://doi.org/10.1016/j.ecoenv.2016.01.011
QUALIPERTUIS_water_sample_26;2020-02-20_Minimes_fairing;11.04;26.43;7.87;8.03;7.40;NP;NP;NP;NP;NP;NP;NP;NP;NP;NP;NP;NP;NP;NP;NP;NP;NP;NP;NP;NP;NP;NP;NP;NP;NP;NP;NP;NP;NP;NP;NP;NP;NP;NP;NP;NP;NP;NP;NP;NP;NP;NP;NP;NP;NP;NP;NP;NP;NP;NP;NP;NP;NP;NP;NP;NP;NP;NP;NP;NP;NP;NP;NP;NP;NP;NP;https://doi.org/10.1016/j.marenvres.2020.104962 and https://doi.org/10.1016/j.ecoenv.2016.01.011
QUALIPERTUIS_water_sample_27;2020-02-20_Minimes_rain_waters;11.26;26.81;6.33;8.00;7.90;NP;NP;NP;NP;NP;NP;NP;NP;NP;NP;NP;NP;NP;NP;NP;NP;NP;NP;NP;NP;NP;NP;NP;NP;NP;NP;NP;NP;NP;NP;NP;NP;NP;NP;NP;NP;NP;NP;NP;NP;NP;NP;NP;NP;NP;NP;NP;NP;NP;NP;NP;NP;NP;NP;NP;NP;NP;NP;NP;NP;NP;NP;NP;NP;NP;NP;https://doi.org/10.1016/j.marenvres.2020.104962 and https://doi.org/10.1016/j.ecoenv.2016.01.011
QUALIPERTUIS_water_sample_28;2020-02-20_Minimes_oil;10.95;26.51;8.11;8.02;22.30;NP;NP;NP;NP;NP;NP;NP;NP;NP;NP;NP;NP;NP;NP;NP;NP;NP;NP;NP;NP;NP;NP;NP;NP;NP;NP;NP;NP;NP;NP;NP;NP;NP;NP;NP;NP;NP;NP;NP;NP;NP;NP;NP;NP;NP;NP;NP;NP;NP;NP;NP;NP;NP;NP;NP;NP;NP;NP;NP;NP;NP;NP;NP;NP;NP;NP;https://doi.org/10.1016/j.marenvres.2020.104962 and https://doi.org/10.1016/j.ecoenv.2016.01.011
QUALIPERTUIS_water_sample_29;2020-02-19_L'Houmeau_marsh_reference;10.21;23.99;6.97;8.56;12.30;NP;NP;NP;NP;NP;NP;NP;NP;NP;NP;NP;NP;NP;NP;NP;NP;NP;NP;NP;NP;NP;NP;NP;NP;NP;NP;NP;NP;NP;NP;NP;NP;NP;NP;NP;NP;NP;NP;NP;NP;NP;NP;NP;NP;NP;NP;NP;NP;NP;NP;NP;NP;NP;NP;NP;NP;NP;NP;NP;NP;NP;NP;NP;NP;NP;NP;https://doi.org/10.1016/j.marenvres.2020.104962 and https://doi.org/10.1016/j.ecoenv.2016.01.011
QUALIPERTUIS_water_sample_30;2020-04-06_L'Houmeau_marsh_reference;14.01;25.10;7.33;8.99;1.00;NP;NP;NP;NP;NP;NP;NP;NP;NP;NP;NP;NP;NP;NP;NP;NP;NP;NP;NP;NP;NP;NP;NP;NP;NP;NP;NP;NP;NP;NP;NP;NP;NP;NP;NP;NP;NP;NP;NP;NP;NP;NP;NP;NP;NP;NP;NP;NP;NP;NP;NP;NP;NP;NP;NP;NP;NP;NP;NP;NP;NP;NP;NP;NP;NP;NP;https://doi.org/10.1016/j.marenvres.2020.104962 and https://doi.org/10.1016/j.ecoenv.2016.01.011
QUALIPERTUIS_water_sample_31;2020-04-06_Minimes_fairing;12.36;32.79;10.45;8.13;2.20;NP;NP;NP;NP;NP;NP;NP;NP;NP;NP;NP;NP;NP;NP;NP;NP;NP;NP;NP;NP;NP;NP;NP;NP;NP;NP;NP;NP;NP;NP;NP;NP;NP;NP;NP;NP;NP;NP;NP;NP;NP;NP;NP;NP;NP;NP;NP;NP;NP;NP;NP;NP;NP;NP;NP;NP;NP;NP;NP;NP;NP;NP;NP;NP;NP;NP;https://doi.org/10.1016/j.marenvres.2020.104962 and https://doi.org/10.1016/j.ecoenv.2016.01.011
QUALIPERTUIS_water_sample_32;2020-04-06_Minimes_rain_waters;12.24;30.00;8.97;8.18;3.80;NP;NP;NP;NP;NP;NP;NP;NP;NP;NP;NP;NP;NP;NP;NP;NP;NP;NP;NP;NP;NP;NP;NP;NP;NP;NP;NP;NP;NP;NP;NP;NP;NP;NP;NP;NP;NP;NP;NP;NP;NP;NP;NP;NP;NP;NP;NP;NP;NP;NP;NP;NP;NP;NP;NP;NP;NP;NP;NP;NP;NP;NP;NP;NP;NP;NP;https://doi.org/10.1016/j.marenvres.2020.104962 and https://doi.org/10.1016/j.ecoenv.2016.01.011
QUALIPERTUIS_water_sample_33;2020-04-06_Minimes_oil;12.43;31.79;11.07;8.16;6.80;NP;NP;NP;NP;NP;NP;NP;NP;NP;NP;NP;NP;NP;NP;NP;NP;NP;NP;NP;NP;NP;NP;NP;NP;NP;NP;NP;NP;NP;NP;NP;NP;NP;NP;NP;NP;NP;NP;NP;NP;NP;NP;NP;NP;NP;NP;NP;NP;NP;NP;NP;NP;NP;NP;NP;NP;NP;NP;NP;NP;NP;NP;NP;NP;NP;NP;https://doi.org/10.1016/j.marenvres.2020.104962 and https://doi.org/10.1016/j.ecoenv.2016.01.011
QUALIPERTUIS_water_sample_34;2020-04-13_Minimes_fairing;14.97;32.04;7.93;8.14;2.50;NP;NP;NP;NP;NP;NP;NP;NP;NP;NP;NP;NP;NP;NP;NP;NP;NP;NP;NP;NP;NP;NP;NP;NP;NP;NP;NP;NP;NP;NP;NP;NP;NP;NP;NP;NP;NP;NP;NP;NP;NP;NP;NP;NP;NP;NP;NP;NP;NP;NP;NP;NP;NP;NP;NP;NP;NP;NP;NP;NP;NP;NP;NP;NP;NP;NP;https://doi.org/10.1016/j.marenvres.2020.104962 and https://doi.org/10.1016/j.ecoenv.2016.01.011
QUALIPERTUIS_water_sample_35;2020-04-13_Minimes_rain_waters;15.29;32.24;7.66;8.20;2.10;NP;NP;NP;NP;NP;NP;NP;NP;NP;NP;NP;NP;NP;NP;NP;NP;NP;NP;NP;NP;NP;NP;NP;NP;NP;NP;NP;NP;NP;NP;NP;NP;NP;NP;NP;NP;NP;NP;NP;NP;NP;NP;NP;NP;NP;NP;NP;NP;NP;NP;NP;NP;NP;NP;NP;NP;NP;NP;NP;NP;NP;NP;NP;NP;NP;NP;https://doi.org/10.1016/j.marenvres.2020.104962 and https://doi.org/10.1016/j.ecoenv.2016.01.011
QUALIPERTUIS_water_sample_36;2020-04-13_Minimes_oil;15.00;32.08;7.93;8.15;4.00;NP;NP;NP;NP;NP;NP;NP;NP;NP;NP;NP;NP;NP;NP;NP;NP;NP;NP;NP;NP;NP;NP;NP;NP;NP;NP;NP;NP;NP;NP;NP;NP;NP;NP;NP;NP;NP;NP;NP;NP;NP;NP;NP;NP;NP;NP;NP;NP;NP;NP;NP;NP;NP;NP;NP;NP;NP;NP;NP;NP;NP;NP;NP;NP;NP;NP;https://doi.org/10.1016/j.marenvres.2020.104962 and https://doi.org/10.1016/j.ecoenv.2016.01.011
QUALIPERTUIS_water_sample_37;2020-04-13_L'Houmeau_marsh_reference;17.14;28.65;7.30;8.31;3.70;NP;NP;NP;NP;NP;NP;NP;NP;NP;NP;NP;NP;NP;NP;NP;NP;NP;NP;NP;NP;NP;NP;NP;NP;NP;NP;NP;NP;NP;NP;NP;NP;NP;NP;NP;NP;NP;NP;NP;NP;NP;NP;NP;NP;NP;NP;NP;NP;NP;NP;NP;NP;NP;NP;NP;NP;NP;NP;NP;NP;NP;NP;NP;NP;NP;NP;https://doi.org/10.1016/j.marenvres.2020.104962 and https://doi.org/10.1016/j.ecoenv.2016.01.011
QUALIPERTUIS_water_sample_38;2020-04-27_Minimes_fairing;17.61;32.24;7.08;8.07;2.50;NP;NP;NP;NP;NP;NP;NP;NP;NP;NP;NP;NP;NP;NP;NP;NP;NP;NP;NP;NP;NP;NP;NP;NP;NP;NP;NP;NP;NP;NP;NP;NP;NP;NP;NP;NP;NP;NP;NP;NP;NP;NP;NP;NP;NP;NP;NP;NP;NP;NP;NP;NP;NP;NP;NP;NP;NP;NP;NP;NP;NP;NP;NP;NP;NP;NP;https://doi.org/10.1016/j.marenvres.2020.104962 and https://doi.org/10.1016/j.ecoenv.2016.01.011
QUALIPERTUIS_water_sample_39;2020-04-27_Minimes_rain_waters;17.60;31.92;6.31;8.07;5.00;NP;NP;NP;NP;NP;NP;NP;NP;NP;NP;NP;NP;NP;NP;NP;NP;NP;NP;NP;NP;NP;NP;NP;NP;NP;NP;NP;NP;NP;NP;NP;NP;NP;NP;NP;NP;NP;NP;NP;NP;NP;NP;NP;NP;NP;NP;NP;NP;NP;NP;NP;NP;NP;NP;NP;NP;NP;NP;NP;NP;NP;NP;NP;NP;NP;NP;https://doi.org/10.1016/j.marenvres.2020.104962 and https://doi.org/10.1016/j.ecoenv.2016.01.011
QUALIPERTUIS_water_sample_40;2020-04-27_Minimes_oil;17.61;31.69;6.64;7.85;2.80;NP;NP;NP;NP;NP;NP;NP;NP;NP;NP;NP;NP;NP;NP;NP;NP;NP;NP;NP;NP;NP;NP;NP;NP;NP;NP;NP;NP;NP;NP;NP;NP;NP;NP;NP;NP;NP;NP;NP;NP;NP;NP;NP;NP;NP;NP;NP;NP;NP;NP;NP;NP;NP;NP;NP;NP;NP;NP;NP;NP;NP;NP;NP;NP;NP;NP;https://doi.org/10.1016/j.marenvres.2020.104962 and https://doi.org/10.1016/j.ecoenv.2016.01.011
QUALIPERTUIS_water_sample_41;2020-04-27_L'Houmeau_marsh_reference;18.72;29.68;5.46;8.42;2.80;NP;NP;NP;NP;NP;NP;NP;NP;NP;NP;NP;NP;NP;NP;NP;NP;NP;NP;NP;NP;NP;NP;NP;NP;NP;NP;NP;NP;NP;NP;NP;NP;NP;NP;NP;NP;NP;NP;NP;NP;NP;NP;NP;NP;NP;NP;NP;NP;NP;NP;NP;NP;NP;NP;NP;NP;NP;NP;NP;NP;NP;NP;NP;NP;NP;NP;https://doi.org/10.1016/j.marenvres.2020.104962 and https://doi.org/10.1016/j.ecoenv.2016.01.011
QUALIPERTUIS_water_sample_42;2020-05-06_Minimes_fairing;17.77;31.36;6.80;7.92;14.40;NP;NP;NP;NP;NP;NP;NP;NP;NP;NP;NP;NP;NP;NP;NP;NP;NP;NP;NP;NP;NP;NP;NP;NP;NP;NP;NP;NP;NP;NP;NP;NP;NP;NP;NP;NP;NP;NP;NP;NP;NP;NP;NP;NP;NP;NP;NP;NP;NP;NP;NP;NP;NP;NP;NP;NP;NP;NP;NP;NP;NP;NP;NP;NP;NP;NP;https://doi.org/10.1016/j.marenvres.2020.104962 and https://doi.org/10.1016/j.ecoenv.2016.01.011
QUALIPERTUIS_water_sample_43;2020-05-06_Minimes_rain_waters;17.69;31.45;6.79;7.98;12.40;NP;NP;NP;NP;NP;NP;NP;NP;NP;NP;NP;NP;NP;NP;NP;NP;NP;NP;NP;NP;NP;NP;NP;NP;NP;NP;NP;NP;NP;NP;NP;NP;NP;NP;NP;NP;NP;NP;NP;NP;NP;NP;NP;NP;NP;NP;NP;NP;NP;NP;NP;NP;NP;NP;NP;NP;NP;NP;NP;NP;NP;NP;NP;NP;NP;NP;https://doi.org/10.1016/j.marenvres.2020.104962 and https://doi.org/10.1016/j.ecoenv.2016.01.011
QUALIPERTUIS_water_sample_44;2020-05-06_Minimes_oil;18.09;31.24;6.80;7.86;9.50;NP;NP;NP;NP;NP;NP;NP;NP;NP;NP;NP;NP;NP;NP;NP;NP;NP;NP;NP;NP;NP;NP;NP;NP;NP;NP;NP;NP;NP;NP;NP;NP;NP;NP;NP;NP;NP;NP;NP;NP;NP;NP;NP;NP;NP;NP;NP;NP;NP;NP;NP;NP;NP;NP;NP;NP;NP;NP;NP;NP;NP;NP;NP;NP;NP;NP;https://doi.org/10.1016/j.marenvres.2020.104962 and https://doi.org/10.1016/j.ecoenv.2016.01.011
QUALIPERTUIS_water_sample_45;2020-05-06_L'Houmeau_marsh_reference;21.00;29.50;7.19;8.24;6.90;NP;NP;NP;NP;NP;NP;NP;NP;NP;NP;NP;NP;NP;NP;NP;NP;NP;NP;NP;NP;NP;NP;NP;NP;NP;NP;NP;NP;NP;NP;NP;NP;NP;NP;NP;NP;NP;NP;NP;NP;NP;NP;NP;NP;NP;NP;NP;NP;NP;NP;NP;NP;NP;NP;NP;NP;NP;NP;NP;NP;NP;NP;NP;NP;NP;NP;https://doi.org/10.1016/j.marenvres.2020.104962 and https://doi.org/10.1016/j.ecoenv.2016.01.011
QUALIPERTUIS_water_sample_46;2020-10-14_L'Houmeau_marsh_reference;12.98;34.08;3.73;8.47;17.20;NP;NP;NP;NP;NP;NP;NP;NP;NP;NP;NP;NP;NP;NP;NP;NP;NP;NP;NP;NP;NP;NP;NP;NP;NP;NP;NP;NP;NP;NP;NP;NP;NP;NP;NP;NP;NP;NP;NP;NP;NP;NP;NP;NP;NP;NP;NP;NP;NP;NP;NP;NP;NP;NP;NP;NP;NP;NP;NP;NP;NP;NP;NP;NP;NP;NP;https://doi.org/10.1016/j.marenvres.2020.104962 and https://doi.org/10.1016/j.ecoenv.2016.01.011
QUALIPERTUIS_water_sample_47;2020-10-13_Minimes_fairing;14.75;32.47;5.83;7.88;4.20;NP;NP;NP;NP;NP;NP;NP;NP;NP;NP;NP;NP;NP;NP;NP;NP;NP;NP;NP;NP;NP;NP;NP;NP;NP;NP;NP;NP;NP;NP;NP;NP;NP;NP;NP;NP;NP;NP;NP;NP;NP;NP;NP;NP;NP;NP;NP;NP;NP;NP;NP;NP;NP;NP;NP;NP;NP;NP;NP;NP;NP;NP;NP;NP;NP;NP;https://doi.org/10.1016/j.marenvres.2020.104962 and https://doi.org/10.1016/j.ecoenv.2016.01.011
QUALIPERTUIS_water_sample_48;2020-10-13_Minimes_rain_waters;15.31;32.62;5.73;7.75;3.20;NP;NP;NP;NP;NP;NP;NP;NP;NP;NP;NP;NP;NP;NP;NP;NP;NP;NP;NP;NP;NP;NP;NP;NP;NP;NP;NP;NP;NP;NP;NP;NP;NP;NP;NP;NP;NP;NP;NP;NP;NP;NP;NP;NP;NP;NP;NP;NP;NP;NP;NP;NP;NP;NP;NP;NP;NP;NP;NP;NP;NP;NP;NP;NP;NP;NP;https://doi.org/10.1016/j.marenvres.2020.104962 and https://doi.org/10.1016/j.ecoenv.2016.01.011
QUALIPERTUIS_water_sample_49;2020-10-13_Minimes_oil;15.42;33.54;6.53;7.95;17.30;NP;NP;NP;NP;NP;NP;NP;NP;NP;NP;NP;NP;NP;NP;NP;NP;NP;NP;NP;NP;NP;NP;NP;NP;NP;NP;NP;NP;NP;NP;NP;NP;NP;NP;NP;NP;NP;NP;NP;NP;NP;NP;NP;NP;NP;NP;NP;NP;NP;NP;NP;NP;NP;NP;NP;NP;NP;NP;NP;NP;NP;NP;NP;NP;NP;NP;https://doi.org/10.1016/j.marenvres.2020.104962 and https://doi.org/10.1016/j.ecoenv.2016.01.011
QUALIPERTUIS_water_sample_50;2020-10-20_Minimes_fairing;14.20;34.02;5.50;8.02;14.60;NP;NP;NP;NP;NP;NP;NP;NP;NP;NP;NP;NP;NP;NP;NP;NP;NP;NP;NP;NP;NP;NP;NP;NP;NP;NP;NP;NP;NP;NP;NP;NP;NP;NP;NP;NP;NP;NP;NP;NP;NP;NP;NP;NP;NP;NP;NP;NP;NP;NP;NP;NP;NP;NP;NP;NP;NP;NP;NP;NP;NP;NP;NP;NP;NP;NP;https://doi.org/10.1016/j.marenvres.2020.104962 and https://doi.org/10.1016/j.ecoenv.2016.01.011
QUALIPERTUIS_water_sample_51;2020-10-20_Minimes_rain_waters;14.21;34.09;5.76;7.98;8.30;NP;NP;NP;NP;NP;NP;NP;NP;NP;NP;NP;NP;NP;NP;NP;NP;NP;NP;NP;NP;NP;NP;NP;NP;NP;NP;NP;NP;NP;NP;NP;NP;NP;NP;NP;NP;NP;NP;NP;NP;NP;NP;NP;NP;NP;NP;NP;NP;NP;NP;NP;NP;NP;NP;NP;NP;NP;NP;NP;NP;NP;NP;NP;NP;NP;NP;https://doi.org/10.1016/j.marenvres.2020.104962 and https://doi.org/10.1016/j.ecoenv.2016.01.011
QUALIPERTUIS_water_sample_52;2020-10-20_Minimes_oil;14.19;33.94;6.88;8.02;10.20;NP;NP;NP;NP;NP;NP;NP;NP;NP;NP;NP;NP;NP;NP;NP;NP;NP;NP;NP;NP;NP;NP;NP;NP;NP;NP;NP;NP;NP;NP;NP;NP;NP;NP;NP;NP;NP;NP;NP;NP;NP;NP;NP;NP;NP;NP;NP;NP;NP;NP;NP;NP;NP;NP;NP;NP;NP;NP;NP;NP;NP;NP;NP;NP;NP;NP;https://doi.org/10.1016/j.marenvres.2020.104962 and https://doi.org/10.1016/j.ecoenv.2016.01.011
QUALIPERTUIS_water_sample_53;2020-10-21_L'Houmeau_marsh_reference;15.07;34.31;6.13;8.43;20.00;NP;NP;NP;NP;NP;NP;NP;NP;NP;NP;NP;NP;NP;NP;NP;NP;NP;NP;NP;NP;NP;NP;NP;NP;NP;NP;NP;NP;NP;NP;NP;NP;NP;NP;NP;NP;NP;NP;NP;NP;NP;NP;NP;NP;NP;NP;NP;NP;NP;NP;NP;NP;NP;NP;NP;NP;NP;NP;NP;NP;NP;NP;NP;NP;NP;NP;https://doi.org/10.1016/j.marenvres.2020.104962 and https://doi.org/10.1016/j.ecoenv.2016.01.011
QUALIPERTUIS_water_sample_54;2020-11-03_Minimes_fairing;14.69;31.22;6.47;7.99;9.00;NP;NP;NP;NP;NP;NP;NP;NP;NP;NP;NP;NP;NP;NP;NP;NP;NP;NP;NP;NP;NP;NP;NP;NP;NP;NP;NP;NP;NP;NP;NP;NP;NP;NP;NP;NP;NP;NP;NP;NP;NP;NP;NP;NP;NP;NP;NP;NP;NP;NP;NP;NP;NP;NP;NP;NP;NP;NP;NP;NP;NP;NP;NP;NP;NP;NP;https://doi.org/10.1016/j.marenvres.2020.104962 and https://doi.org/10.1016/j.ecoenv.2016.01.011
QUALIPERTUIS_water_sample_55;2020-11-03_Minimes_rain_waters;14.95;31.56;5.07;7.84;6.70;NP;NP;NP;NP;NP;NP;NP;NP;NP;NP;NP;NP;NP;NP;NP;NP;NP;NP;NP;NP;NP;NP;NP;NP;NP;NP;NP;NP;NP;NP;NP;NP;NP;NP;NP;NP;NP;NP;NP;NP;NP;NP;NP;NP;NP;NP;NP;NP;NP;NP;NP;NP;NP;NP;NP;NP;NP;NP;NP;NP;NP;NP;NP;NP;NP;NP;https://doi.org/10.1016/j.marenvres.2020.104962 and https://doi.org/10.1016/j.ecoenv.2016.01.011
QUALIPERTUIS_water_sample_56;2020-11-03_Minimes_oil;14.97;31.50;5.29;8.02;14.30;NP;NP;NP;NP;NP;NP;NP;NP;NP;NP;NP;NP;NP;NP;NP;NP;NP;NP;NP;NP;NP;NP;NP;NP;NP;NP;NP;NP;NP;NP;NP;NP;NP;NP;NP;NP;NP;NP;NP;NP;NP;NP;NP;NP;NP;NP;NP;NP;NP;NP;NP;NP;NP;NP;NP;NP;NP;NP;NP;NP;NP;NP;NP;NP;NP;NP;https://doi.org/10.1016/j.marenvres.2020.104962 and https://doi.org/10.1016/j.ecoenv.2016.01.011
QUALIPERTUIS_water_sample_57;2020-11-04_L'Houmeau_marsh_reference;13.05;32.11;5.31;8.20;28.00;NP;NP;NP;NP;NP;NP;NP;NP;NP;NP;NP;NP;NP;NP;NP;NP;NP;NP;NP;NP;NP;NP;NP;NP;NP;NP;NP;NP;NP;NP;NP;NP;NP;NP;NP;NP;NP;NP;NP;NP;NP;NP;NP;NP;NP;NP;NP;NP;NP;NP;NP;NP;NP;NP;NP;NP;NP;NP;NP;NP;NP;NP;NP;NP;NP;NP;https://doi.org/10.1016/j.marenvres.2020.104962 and https://doi.org/10.1016/j.ecoenv.2016.01.011
QUALIPERTUIS_water_sample_58;2020-11-12_Minimes_fairing;13.97;32.06;5.24;8.01;17.50;NP;NP;NP;NP;NP;NP;NP;NP;NP;NP;NP;NP;NP;NP;NP;NP;NP;NP;NP;NP;NP;NP;NP;NP;NP;NP;NP;NP;NP;NP;NP;NP;NP;NP;NP;NP;NP;NP;NP;NP;NP;NP;NP;NP;NP;NP;NP;NP;NP;NP;NP;NP;NP;NP;NP;NP;NP;NP;NP;NP;NP;NP;NP;NP;NP;NP;https://doi.org/10.1016/j.marenvres.2020.104962 and https://doi.org/10.1016/j.ecoenv.2016.01.011
QUALIPERTUIS_water_sample_59;2020-11-12_Minimes_rain_waters;14.03;31.93;4.87;8.03;4.30;NP;NP;NP;NP;NP;NP;NP;NP;NP;NP;NP;NP;NP;NP;NP;NP;NP;NP;NP;NP;NP;NP;NP;NP;NP;NP;NP;NP;NP;NP;NP;NP;NP;NP;NP;NP;NP;NP;NP;NP;NP;NP;NP;NP;NP;NP;NP;NP;NP;NP;NP;NP;NP;NP;NP;NP;NP;NP;NP;NP;NP;NP;NP;NP;NP;NP;https://doi.org/10.1016/j.marenvres.2020.104962 and https://doi.org/10.1016/j.ecoenv.2016.01.011
QUALIPERTUIS_water_sample_60;2020-11-12_Minimes_oil;13.99;31.83;5.47;8.02;24.10;NP;NP;NP;NP;NP;NP;NP;NP;NP;NP;NP;NP;NP;NP;NP;NP;NP;NP;NP;NP;NP;NP;NP;NP;NP;NP;NP;NP;NP;NP;NP;NP;NP;NP;NP;NP;NP;NP;NP;NP;NP;NP;NP;NP;NP;NP;NP;NP;NP;NP;NP;NP;NP;NP;NP;NP;NP;NP;NP;NP;NP;NP;NP;NP;NP;NP;https://doi.org/10.1016/j.marenvres.2020.104962 and https://doi.org/10.1016/j.ecoenv.2016.01.011
QUALIPERTUIS_water_sample_61;2020-11-13_L'Houmeau_marsh_reference;14.46;32.14;3.79;8.25;39.40;NP;NP;NP;NP;NP;NP;NP;NP;NP;NP;NP;NP;NP;NP;NP;NP;NP;NP;NP;NP;NP;NP;NP;NP;NP;NP;NP;NP;NP;NP;NP;NP;NP;NP;NP;NP;NP;NP;NP;NP;NP;NP;NP;NP;NP;NP;NP;NP;NP;NP;NP;NP;NP;NP;NP;NP;NP;NP;NP;NP;NP;NP;NP;NP;NP;NP;https://doi.org/10.1016/j.marenvres.2020.104962 and https://doi.org/10.1016/j.ecoenv.2016.01.011
QUALIPERTUIS_water_sample_63;2021-01-26_L'Houmeau_marsh_reference;5.80;25.30;12.38;8.43;3.70;NP;NP;NP;NP;NP;NP;NP;NP;NP;NP;NP;NP;NP;NP;NP;NP;NP;NP;NP;NP;NP;NP;NP;NP;NP;NP;NP;NP;NP;NP;NP;NP;NP;NP;NP;NP;NP;NP;NP;NP;NP;NP;NP;NP;NP;NP;NP;NP;NP;NP;NP;NP;NP;NP;NP;NP;NP;NP;NP;NP;NP;NP;NP;NP;NP;NP;https://doi.org/10.1016/j.marenvres.2020.104962 and https://doi.org/10.1016/j.ecoenv.2016.01.011
QUALIPERTUIS_water_sample_64;2021-01-25_Minimes_fairing;8.26;28.88;11.55;8.02;12.10;NP;NP;NP;NP;NP;NP;NP;NP;NP;NP;NP;NP;NP;NP;NP;NP;NP;NP;NP;NP;NP;NP;NP;NP;NP;NP;NP;NP;NP;NP;NP;NP;NP;NP;NP;NP;NP;NP;NP;NP;NP;NP;NP;NP;NP;NP;NP;NP;NP;NP;NP;NP;NP;NP;NP;NP;NP;NP;NP;NP;NP;NP;NP;NP;NP;NP;https://doi.org/10.1016/j.marenvres.2020.104962 and https://doi.org/10.1016/j.ecoenv.2016.01.011
QUALIPERTUIS_water_sample_65;2021-01-25_Minimes_rain_waters;8.26;28.80;11.69;8.03;5.30;NP;NP;NP;NP;NP;NP;NP;NP;NP;NP;NP;NP;NP;NP;NP;NP;NP;NP;NP;NP;NP;NP;NP;NP;NP;NP;NP;NP;NP;NP;NP;NP;NP;NP;NP;NP;NP;NP;NP;NP;NP;NP;NP;NP;NP;NP;NP;NP;NP;NP;NP;NP;NP;NP;NP;NP;NP;NP;NP;NP;NP;NP;NP;NP;NP;NP;https://doi.org/10.1016/j.marenvres.2020.104962 and https://doi.org/10.1016/j.ecoenv.2016.01.011
QUALIPERTUIS_water_sample_66;2021-01-25_Minimes_oil;8.30;29.03;12.04;7.75;10.50;NP;NP;NP;NP;NP;NP;NP;NP;NP;NP;NP;NP;NP;NP;NP;NP;NP;NP;NP;NP;NP;NP;NP;NP;NP;NP;NP;NP;NP;NP;NP;NP;NP;NP;NP;NP;NP;NP;NP;NP;NP;NP;NP;NP;NP;NP;NP;NP;NP;NP;NP;NP;NP;NP;NP;NP;NP;NP;NP;NP;NP;NP;NP;NP;NP;NP;https://doi.org/10.1016/j.marenvres.2020.104962 and https://doi.org/10.1016/j.ecoenv.2016.01.011
QUALIPERTUIS_water_sample_67;2021-02-01_Minimes_fairing;11.80;23.80;12.35;8.32;13.70;NP;NP;NP;NP;NP;NP;NP;NP;NP;NP;NP;NP;NP;NP;NP;NP;NP;NP;NP;NP;NP;NP;NP;NP;NP;NP;NP;NP;NP;NP;NP;NP;NP;NP;NP;NP;NP;NP;NP;NP;NP;NP;NP;NP;NP;NP;NP;NP;NP;NP;NP;NP;NP;NP;NP;NP;NP;NP;NP;NP;NP;NP;NP;NP;NP;NP;https://doi.org/10.1016/j.marenvres.2020.104962 and https://doi.org/10.1016/j.ecoenv.2016.01.011
QUALIPERTUIS_water_sample_68;2021-02-01_Minimes_rain_waters;10.42;26.14;12.64;8.05;34.40;NP;NP;NP;NP;NP;NP;NP;NP;NP;NP;NP;NP;NP;NP;NP;NP;NP;NP;NP;NP;NP;NP;NP;NP;NP;NP;NP;NP;NP;NP;NP;NP;NP;NP;NP;NP;NP;NP;NP;NP;NP;NP;NP;NP;NP;NP;NP;NP;NP;NP;NP;NP;NP;NP;NP;NP;NP;NP;NP;NP;NP;NP;NP;NP;NP;NP;https://doi.org/10.1016/j.marenvres.2020.104962 and https://doi.org/10.1016/j.ecoenv.2016.01.011
QUALIPERTUIS_water_sample_69;2021-02-01_Minimes_oil;10.18;26.99;12.36;8.09;22.30;NP;NP;NP;NP;NP;NP;NP;NP;NP;NP;NP;NP;NP;NP;NP;NP;NP;NP;NP;NP;NP;NP;NP;NP;NP;NP;NP;NP;NP;NP;NP;NP;NP;NP;NP;NP;NP;NP;NP;NP;NP;NP;NP;NP;NP;NP;NP;NP;NP;NP;NP;NP;NP;NP;NP;NP;NP;NP;NP;NP;NP;NP;NP;NP;NP;NP;https://doi.org/10.1016/j.marenvres.2020.104962 and https://doi.org/10.1016/j.ecoenv.2016.01.011
QUALIPERTUIS_water_sample_70;2021-02-03_L'Houmeau_marsh_reference;11.48;23.50;11.69;8.28;19.30;NP;NP;NP;NP;NP;NP;NP;NP;NP;NP;NP;NP;NP;NP;NP;NP;NP;NP;NP;NP;NP;NP;NP;NP;NP;NP;NP;NP;NP;NP;NP;NP;NP;NP;NP;NP;NP;NP;NP;NP;NP;NP;NP;NP;NP;NP;NP;NP;NP;NP;NP;NP;NP;NP;NP;NP;NP;NP;NP;NP;NP;NP;NP;NP;NP;NP;https://doi.org/10.1016/j.marenvres.2020.104962 and https://doi.org/10.1016/j.ecoenv.2016.01.011
QUALIPERTUIS_water_sample_71;2021-02-15_Minimes_fairing;7.28;23.23;14.57;8.94;5.80;NP;NP;NP;NP;NP;NP;NP;NP;NP;NP;NP;NP;NP;NP;NP;NP;NP;NP;NP;NP;NP;NP;NP;NP;NP;NP;NP;NP;NP;NP;NP;NP;NP;NP;NP;NP;NP;NP;NP;NP;NP;NP;NP;NP;NP;NP;NP;NP;NP;NP;NP;NP;NP;NP;NP;NP;NP;NP;NP;NP;NP;NP;NP;NP;NP;NP;https://doi.org/10.1016/j.marenvres.2020.104962 and https://doi.org/10.1016/j.ecoenv.2016.01.011
QUALIPERTUIS_water_sample_72;2021-02-15_Minimes_rain_waters;8.08;28.78;12.65;8.51;17.60;NP;NP;NP;NP;NP;NP;NP;NP;NP;NP;NP;NP;NP;NP;NP;NP;NP;NP;NP;NP;NP;NP;NP;NP;NP;NP;NP;NP;NP;NP;NP;NP;NP;NP;NP;NP;NP;NP;NP;NP;NP;NP;NP;NP;NP;NP;NP;NP;NP;NP;NP;NP;NP;NP;NP;NP;NP;NP;NP;NP;NP;NP;NP;NP;NP;NP;https://doi.org/10.1016/j.marenvres.2020.104962 and https://doi.org/10.1016/j.ecoenv.2016.01.011
QUALIPERTUIS_water_sample_73;2021-02-15_Minimes_oil;8.29;28.65;12.67;8.47;29.00;NP;NP;NP;NP;NP;NP;NP;NP;NP;NP;NP;NP;NP;NP;NP;NP;NP;NP;NP;NP;NP;NP;NP;NP;NP;NP;NP;NP;NP;NP;NP;NP;NP;NP;NP;NP;NP;NP;NP;NP;NP;NP;NP;NP;NP;NP;NP;NP;NP;NP;NP;NP;NP;NP;NP;NP;NP;NP;NP;NP;NP;NP;NP;NP;NP;NP;https://doi.org/10.1016/j.marenvres.2020.104962 and https://doi.org/10.1016/j.ecoenv.2016.01.011
QUALIPERTUIS_water_sample_74;22021-02-16_L'Houmeau_marsh_reference;7.28;23.23;14.57;8.94;5.80;NP;NP;NP;NP;NP;NP;NP;NP;NP;NP;NP;NP;NP;NP;NP;NP;NP;NP;NP;NP;NP;NP;NP;NP;NP;NP;NP;NP;NP;NP;NP;NP;NP;NP;NP;NP;NP;NP;NP;NP;NP;NP;NP;NP;NP;NP;NP;NP;NP;NP;NP;NP;NP;NP;NP;NP;NP;NP;NP;NP;NP;NP;NP;NP;NP;NP;https://doi.org/10.1016/j.marenvres.2020.104962 and https://doi.org/10.1016/j.ecoenv.2016.01.011
QUALIPERTUIS_water_sample_75;2021-02-24_Minimes_fairing;11.70;22.87;12.92;8.76;20.30;NP;NP;NP;NP;NP;NP;NP;NP;NP;NP;NP;NP;NP;NP;NP;NP;NP;NP;NP;NP;NP;NP;NP;NP;NP;NP;NP;NP;NP;NP;NP;NP;NP;NP;NP;NP;NP;NP;NP;NP;NP;NP;NP;NP;NP;NP;NP;NP;NP;NP;NP;NP;NP;NP;NP;NP;NP;NP;NP;NP;NP;NP;NP;NP;NP;NP;https://doi.org/10.1016/j.marenvres.2020.104962 and https://doi.org/10.1016/j.ecoenv.2016.01.011
QUALIPERTUIS_water_sample_76;2021-02-24_Minimes_rain_waters;10.02;25.11;12.66;8.42;7.30;NP;NP;NP;NP;NP;NP;NP;NP;NP;NP;NP;NP;NP;NP;NP;NP;NP;NP;NP;NP;NP;NP;NP;NP;NP;NP;NP;NP;NP;NP;NP;NP;NP;NP;NP;NP;NP;NP;NP;NP;NP;NP;NP;NP;NP;NP;NP;NP;NP;NP;NP;NP;NP;NP;NP;NP;NP;NP;NP;NP;NP;NP;NP;NP;NP;NP;https://doi.org/10.1016/j.marenvres.2020.104962 and https://doi.org/10.1016/j.ecoenv.2016.01.011
QUALIPERTUIS_water_sample_77;2021-02-24_Minimes_oil;10.10;25.54;12.14;8.31;7.60;NP;NP;NP;NP;NP;NP;NP;NP;NP;NP;NP;NP;NP;NP;NP;NP;NP;NP;NP;NP;NP;NP;NP;NP;NP;NP;NP;NP;NP;NP;NP;NP;NP;NP;NP;NP;NP;NP;NP;NP;NP;NP;NP;NP;NP;NP;NP;NP;NP;NP;NP;NP;NP;NP;NP;NP;NP;NP;NP;NP;NP;NP;NP;NP;NP;NP;https://doi.org/10.1016/j.marenvres.2020.104962 and https://doi.org/10.1016/j.ecoenv.2016.01.011
QUALIPERTUIS_water_sample_78;2021-02-25_L'Houmeau_marsh_reference;11.70;22.87;12.92;8.76;20.30;NP;NP;NP;NP;NP;NP;NP;NP;NP;NP;NP;NP;NP;NP;NP;NP;NP;NP;NP;NP;NP;NP;NP;NP;NP;NP;NP;NP;NP;NP;NP;NP;NP;NP;NP;NP;NP;NP;NP;NP;NP;NP;NP;NP;NP;NP;NP;NP;NP;NP;NP;NP;NP;NP;NP;NP;NP;NP;NP;NP;NP;NP;NP;NP;NP;NP;https://doi.org/10.1016/j.marenvres.2020.104962 and https://doi.org/10.1016/j.ecoenv.2016.01.011
QUALIPERTUIS_water_sample_79;2021-04-07_L'Houmeau_marsh_reference;11.62;32.24;11.54;8.65;20.70;NP;NP;NP;NP;NP;NP;NP;NP;NP;NP;NP;NP;NP;NP;NP;NP;NP;NP;NP;NP;NP;NP;NP;NP;NP;NP;NP;NP;NP;NP;NP;NP;NP;NP;NP;NP;NP;NP;NP;NP;NP;NP;NP;NP;NP;NP;NP;NP;NP;NP;NP;NP;NP;NP;NP;NP;NP;NP;NP;NP;NP;NP;NP;NP;NP;NP;https://doi.org/10.1016/j.marenvres.2020.104962 and https://doi.org/10.1016/j.ecoenv.2016.01.011
QUALIPERTUIS_water_sample_80;2021-04-07_Minimes_fairing;12.65;33.06;12.07;8.30;4.60;NP;NP;NP;NP;NP;NP;NP;NP;NP;NP;NP;NP;NP;NP;NP;NP;NP;NP;NP;NP;NP;NP;NP;NP;NP;NP;NP;NP;NP;NP;NP;NP;NP;NP;NP;NP;NP;NP;NP;NP;NP;NP;NP;NP;NP;NP;NP;NP;NP;NP;NP;NP;NP;NP;NP;NP;NP;NP;NP;NP;NP;NP;NP;NP;NP;NP;https://doi.org/10.1016/j.marenvres.2020.104962 and https://doi.org/10.1016/j.ecoenv.2016.01.011
QUALIPERTUIS_water_sample_81;2021-04-07_Minimes_rain_waters;12.90;32.97;11.61;8.28;6.20;NP;NP;NP;NP;NP;NP;NP;NP;NP;NP;NP;NP;NP;NP;NP;NP;NP;NP;NP;NP;NP;NP;NP;NP;NP;NP;NP;NP;NP;NP;NP;NP;NP;NP;NP;NP;NP;NP;NP;NP;NP;NP;NP;NP;NP;NP;NP;NP;NP;NP;NP;NP;NP;NP;NP;NP;NP;NP;NP;NP;NP;NP;NP;NP;NP;NP;https://doi.org/10.1016/j.marenvres.2020.104962 and https://doi.org/10.1016/j.ecoenv.2016.01.011
QUALIPERTUIS_water_sample_82;2021-04-07_Minimes_oil;13.09;33.02;12.25;8.32;4.00;NP;NP;NP;NP;NP;NP;NP;NP;NP;NP;NP;NP;NP;NP;NP;NP;NP;NP;NP;NP;NP;NP;NP;NP;NP;NP;NP;NP;NP;NP;NP;NP;NP;NP;NP;NP;NP;NP;NP;NP;NP;NP;NP;NP;NP;NP;NP;NP;NP;NP;NP;NP;NP;NP;NP;NP;NP;NP;NP;NP;NP;NP;NP;NP;NP;NP;https://doi.org/10.1016/j.marenvres.2020.104962 and https://doi.org/10.1016/j.ecoenv.2016.01.011
QUALIPERTUIS_water_sample_83;2021-04-13_Minimes_fairing;13.44;32.49;24.82;8.77;15.80;NP;NP;NP;NP;NP;NP;NP;NP;NP;NP;NP;NP;NP;NP;NP;NP;NP;NP;NP;NP;NP;NP;NP;NP;NP;NP;NP;NP;NP;NP;NP;NP;NP;NP;NP;NP;NP;NP;NP;NP;NP;NP;NP;NP;NP;NP;NP;NP;NP;NP;NP;NP;NP;NP;NP;NP;NP;NP;NP;NP;NP;NP;NP;NP;NP;NP;https://doi.org/10.1016/j.marenvres.2020.104962 and https://doi.org/10.1016/j.ecoenv.2016.01.011
QUALIPERTUIS_water_sample_84;2021-04-13_Minimes_rain_waters;12.40;33.07;31.46;8.28;4.60;NP;NP;NP;NP;NP;NP;NP;NP;NP;NP;NP;NP;NP;NP;NP;NP;NP;NP;NP;NP;NP;NP;NP;NP;NP;NP;NP;NP;NP;NP;NP;NP;NP;NP;NP;NP;NP;NP;NP;NP;NP;NP;NP;NP;NP;NP;NP;NP;NP;NP;NP;NP;NP;NP;NP;NP;NP;NP;NP;NP;NP;NP;NP;NP;NP;NP;https://doi.org/10.1016/j.marenvres.2020.104962 and https://doi.org/10.1016/j.ecoenv.2016.01.011
QUALIPERTUIS_water_sample_85;2021-04-13_Minimes_oil;12.61;32.83;30.55;8.26;5.50;NP;NP;NP;NP;NP;NP;NP;NP;NP;NP;NP;NP;NP;NP;NP;NP;NP;NP;NP;NP;NP;NP;NP;NP;NP;NP;NP;NP;NP;NP;NP;NP;NP;NP;NP;NP;NP;NP;NP;NP;NP;NP;NP;NP;NP;NP;NP;NP;NP;NP;NP;NP;NP;NP;NP;NP;NP;NP;NP;NP;NP;NP;NP;NP;NP;NP;https://doi.org/10.1016/j.marenvres.2020.104962 and https://doi.org/10.1016/j.ecoenv.2016.01.011
QUALIPERTUIS_water_sample_86;2021-04-13_L'Houmeau_marsh_reference;12.54;33.10;30.63;8.23;5.10;NP;NP;NP;NP;NP;NP;NP;NP;NP;NP;NP;NP;NP;NP;NP;NP;NP;NP;NP;NP;NP;NP;NP;NP;NP;NP;NP;NP;NP;NP;NP;NP;NP;NP;NP;NP;NP;NP;NP;NP;NP;NP;NP;NP;NP;NP;NP;NP;NP;NP;NP;NP;NP;NP;NP;NP;NP;NP;NP;NP;NP;NP;NP;NP;NP;NP;https://doi.org/10.1016/j.marenvres.2020.104962 and https://doi.org/10.1016/j.ecoenv.2016.01.011
QUALIPERTUIS_water_sample_87;2021-04-29_Minimes_fairing;15.80;34.19;11.13;8.68;20.70;NP;NP;NP;NP;NP;NP;NP;NP;NP;NP;NP;NP;NP;NP;NP;NP;NP;NP;NP;NP;NP;NP;NP;NP;NP;NP;NP;NP;NP;NP;NP;NP;NP;NP;NP;NP;NP;NP;NP;NP;NP;NP;NP;NP;NP;NP;NP;NP;NP;NP;NP;NP;NP;NP;NP;NP;NP;NP;NP;NP;NP;NP;NP;NP;NP;NP;https://doi.org/10.1016/j.marenvres.2020.104962 and https://doi.org/10.1016/j.ecoenv.2016.01.011
QUALIPERTUIS_water_sample_88;2021-04-29_Minimes_rain_waters;14.64;33.86;11.24;8.41;4.70;NP;NP;NP;NP;NP;NP;NP;NP;NP;NP;NP;NP;NP;NP;NP;NP;NP;NP;NP;NP;NP;NP;NP;NP;NP;NP;NP;NP;NP;NP;NP;NP;NP;NP;NP;NP;NP;NP;NP;NP;NP;NP;NP;NP;NP;NP;NP;NP;NP;NP;NP;NP;NP;NP;NP;NP;NP;NP;NP;NP;NP;NP;NP;NP;NP;NP;https://doi.org/10.1016/j.marenvres.2020.104962 and https://doi.org/10.1016/j.ecoenv.2016.01.011
QUALIPERTUIS_water_sample_89;2021-04-29_Minimes_oil;14.62;33.75;11.11;8.40;5.80;NP;NP;NP;NP;NP;NP;NP;NP;NP;NP;NP;NP;NP;NP;NP;NP;NP;NP;NP;NP;NP;NP;NP;NP;NP;NP;NP;NP;NP;NP;NP;NP;NP;NP;NP;NP;NP;NP;NP;NP;NP;NP;NP;NP;NP;NP;NP;NP;NP;NP;NP;NP;NP;NP;NP;NP;NP;NP;NP;NP;NP;NP;NP;NP;NP;NP;https://doi.org/10.1016/j.marenvres.2020.104962 and https://doi.org/10.1016/j.ecoenv.2016.01.011
QUALIPERTUIS_water_sample_90;2021-04-28_L'Houmeau_marsh_reference;14.71;33.92;11.94;8.40;22.80;NP;NP;NP;NP;NP;NP;NP;NP;NP;NP;NP;NP;NP;NP;NP;NP;NP;NP;NP;NP;NP;NP;NP;NP;NP;NP;NP;NP;NP;NP;NP;NP;NP;NP;NP;NP;NP;NP;NP;NP;NP;NP;NP;NP;NP;NP;NP;NP;NP;NP;NP;NP;NP;NP;NP;NP;NP;NP;NP;NP;NP;NP;NP;NP;NP;NP;https://doi.org/10.1016/j.marenvres.2020.104962 and https://doi.org/10.1016/j.ecoenv.2016.01.011
QUALIPERTUIS_water_sample_91;2021-05-06_Minimes_fairing;14.37;34.60;12.52;8.46;14.90;NP;NP;NP;NP;NP;NP;NP;NP;NP;NP;NP;NP;NP;NP;NP;NP;NP;NP;NP;NP;NP;NP;NP;NP;NP;NP;NP;NP;NP;NP;NP;NP;NP;NP;NP;NP;NP;NP;NP;NP;NP;NP;NP;NP;NP;NP;NP;NP;NP;NP;NP;NP;NP;NP;NP;NP;NP;NP;NP;NP;NP;NP;NP;NP;NP;NP;https://doi.org/10.1016/j.marenvres.2020.104962 and https://doi.org/10.1016/j.ecoenv.2016.01.011
QUALIPERTUIS_water_sample_92;22021-05-06_Minimes_rain_waters;14.84;33.24;11.54;8.36;6.10;NP;NP;NP;NP;NP;NP;NP;NP;NP;NP;NP;NP;NP;NP;NP;NP;NP;NP;NP;NP;NP;NP;NP;NP;NP;NP;NP;NP;NP;NP;NP;NP;NP;NP;NP;NP;NP;NP;NP;NP;NP;NP;NP;NP;NP;NP;NP;NP;NP;NP;NP;NP;NP;NP;NP;NP;NP;NP;NP;NP;NP;NP;NP;NP;NP;NP;https://doi.org/10.1016/j.marenvres.2020.104962 and https://doi.org/10.1016/j.ecoenv.2016.01.011
QUALIPERTUIS_water_sample_93;2021-05-06_Minimes_oil;14.80;33.65;12.32;8.34;6.50;NP;NP;NP;NP;NP;NP;NP;NP;NP;NP;NP;NP;NP;NP;NP;NP;NP;NP;NP;NP;NP;NP;NP;NP;NP;NP;NP;NP;NP;NP;NP;NP;NP;NP;NP;NP;NP;NP;NP;NP;NP;NP;NP;NP;NP;NP;NP;NP;NP;NP;NP;NP;NP;NP;NP;NP;NP;NP;NP;NP;NP;NP;NP;NP;NP;NP;https://doi.org/10.1016/j.marenvres.2020.104962 and https://doi.org/10.1016/j.ecoenv.2016.01.011
QUALIPERTUIS_water_sample_94;2021-05-07_L'Houmeau_marsh_reference;14.77;33.63;11.31;8.44;6.40;NP;NP;NP;NP;NP;NP;NP;NP;NP;NP;NP;NP;NP;NP;NP;NP;NP;NP;NP;NP;NP;NP;NP;NP;NP;NP;NP;NP;NP;NP;NP;NP;NP;NP;NP;NP;NP;NP;NP;NP;NP;NP;NP;NP;NP;NP;NP;NP;NP;NP;NP;NP;NP;NP;NP;NP;NP;NP;NP;NP;NP;NP;NP;NP;NP;NP;https://doi.org/10.1016/j.marenvres.2020.104962 and https://doi.org/10.1016/j.ecoenv.2016.01.011
QUALIPERTUIS_water_sample_95;2021-10-08_L'Houmeau_marsh_reference;17.19;33.59;6.81;8.20;194.00;NP;NP;NP;NP;NP;NP;NP;NP;NP;NP;NP;NP;NP;NP;NP;NP;NP;NP;NP;NP;NP;NP;NP;NP;NP;NP;NP;NP;NP;NP;NP;NP;NP;NP;NP;NP;NP;NP;NP;NP;NP;NP;NP;NP;NP;NP;NP;NP;NP;NP;NP;NP;NP;NP;NP;NP;NP;NP;NP;NP;NP;NP;NP;NP;NP;NP;https://doi.org/10.1016/j.marenvres.2020.104962 and https://doi.org/10.1016/j.ecoenv.2016.01.011
QUALIPERTUIS_water_sample_96;2021-10-08_Minimes_fairing;17.46;33.76;7.21;8.13;27.20;NP;NP;NP;NP;NP;NP;NP;NP;NP;NP;NP;NP;NP;NP;NP;NP;NP;NP;NP;NP;NP;NP;NP;NP;NP;NP;NP;NP;NP;NP;NP;NP;NP;NP;NP;NP;NP;NP;NP;NP;NP;NP;NP;NP;NP;NP;NP;NP;NP;NP;NP;NP;NP;NP;NP;NP;NP;NP;NP;NP;NP;NP;NP;NP;NP;NP;https://doi.org/10.1016/j.marenvres.2020.104962 and https://doi.org/10.1016/j.ecoenv.2016.01.011
QUALIPERTUIS_water_sample_97;2021-10-08_Minimes_rain_waters;17.21;33.86;7.94;8.40;15.30;NP;NP;NP;NP;NP;NP;NP;NP;NP;NP;NP;NP;NP;NP;NP;NP;NP;NP;NP;NP;NP;NP;NP;NP;NP;NP;NP;NP;NP;NP;NP;NP;NP;NP;NP;NP;NP;NP;NP;NP;NP;NP;NP;NP;NP;NP;NP;NP;NP;NP;NP;NP;NP;NP;NP;NP;NP;NP;NP;NP;NP;NP;NP;NP;NP;NP;https://doi.org/10.1016/j.marenvres.2020.104962 and https://doi.org/10.1016/j.ecoenv.2016.01.011
QUALIPERTUIS_water_sample_98;2021-10-08_Minimes_oil;17.44;33.77;6.87;8.21;36.40;NP;NP;NP;NP;NP;NP;NP;NP;NP;NP;NP;NP;NP;NP;NP;NP;NP;NP;NP;NP;NP;NP;NP;NP;NP;NP;NP;NP;NP;NP;NP;NP;NP;NP;NP;NP;NP;NP;NP;NP;NP;NP;NP;NP;NP;NP;NP;NP;NP;NP;NP;NP;NP;NP;NP;NP;NP;NP;NP;NP;NP;NP;NP;NP;NP;NP;https://doi.org/10.1016/j.marenvres.2020.104962 and https://doi.org/10.1016/j.ecoenv.2016.01.011
QUALIPERTUIS_water_sample_99;2021-10-15_Minimes_fairing;13.30;35.57;5.52;8.29;26.10;NP;NP;NP;NP;NP;NP;NP;NP;NP;NP;NP;NP;NP;NP;NP;NP;NP;NP;NP;NP;NP;NP;NP;NP;NP;NP;NP;NP;NP;NP;NP;NP;NP;NP;NP;NP;NP;NP;NP;NP;NP;NP;NP;NP;NP;NP;NP;NP;NP;NP;NP;NP;NP;NP;NP;NP;NP;NP;NP;NP;NP;NP;NP;NP;NP;NP;https://doi.org/10.1016/j.marenvres.2020.104962 and https://doi.org/10.1016/j.ecoenv.2016.01.011
QUAMPO_water_sample_01;2020-01-13_Ile_rousse_fairing;NA;NA;NA;NA;NA;NA;NA;NA;NA;NA;NA;LQ;LQ;LQ;LQ;LQ;LQ;LQ;5.50;LQ2500;NA;LQ;11.02;LQ;1.94;LQ;LQ;LQ;LQ;LQ2500;NA;NA;NA;NA;NA;NA;NA;NA;NA;NA;NA;NA;NA;NA;NA;NA;NA;NA;NA;NA;NA;NA;NA;NA;NA;NA;NA;NA;NA;NA;NA;NA;NA;NA;NA;NA;NA;NA;NA;NA;NA;https://doi.org/10.1016/j.marenvres.2020.104962 and https://doi.org/10.1016/j.ecoenv.2016.01.011
QUAMPO_water_sample_02;2020-01-13_St_florent_fairing;NA;NA;NA;NA;NA;NA;NA;NA;NA;NA;NA;LQ;LQ;LQ;LQ;LQ;LQ;LQ;12.32;LQ2500;NA;18.94;LQ;LQ;LQ;LQ;LQ;LQ;LQ;LQ2500;NA;NA;NA;NA;NA;NA;NA;NA;NA;NA;NA;NA;NA;NA;NA;NA;NA;NA;NA;NA;NA;NA;NA;NA;NA;NA;NA;NA;NA;NA;NA;NA;NA;NA;NA;NA;NA;NA;NA;NA;NA;https://doi.org/10.1016/j.marenvres.2020.104962 and https://doi.org/10.1016/j.ecoenv.2016.01.011
QUAMPO_water_sample_03;2020-01-14_Calvi_fairing;NA;NA;NA;NA;NA;NA;NA;NA;NA;NA;NA;LQ;LQ;LQ;LQ;LQ;1.02;LQ;2.56;LQ2500;NA;LQ;12.72;LQ;LQ;LQ;LQ;LQ;LQ;LQ2500;NA;NA;NA;NA;NA;NA;NA;NA;NA;NA;NA;NA;NA;NA;NA;NA;NA;NA;NA;NA;NA;NA;NA;NA;NA;NA;NA;NA;NA;NA;NA;NA;NA;NA;NA;NA;NA;NA;NA;NA;NA;https://doi.org/10.1016/j.marenvres.2020.104962 and https://doi.org/10.1016/j.ecoenv.2016.01.011
QUAMPO_water_sample_04;2020-01-14_STARESO_port;NA;NA;NA;NA;NA;NA;NA;NA;NA;NA;NA;LQ;LQ;LQ;LQ;LQ;LQ;LQ;LQ;LQ2500;NA;LQ;LQ;LQ;LQ;LQ;LQ;LQ;LQ;LQ2500;NA;NA;NA;NA;NA;NA;NA;NA;NA;NA;NA;NA;NA;NA;NA;NA;NA;NA;NA;NA;NA;NA;NA;NA;NA;NA;NA;NA;NA;NA;NA;NA;NA;NA;NA;NA;NA;NA;NA;NA;NA;https://doi.org/10.1016/j.marenvres.2020.104962 and https://doi.org/10.1016/j.ecoenv.2016.01.011
QUAMPO_water_sample_05;2020-09-21_Calvi_fairing;23.83;38.14;NA;NA;NA;1.15;LD0.02;0.16;0.73;LQ0.05;LD0.00;LQ;LQ;LQ;LQ;LQ;LQ;LQ;8.50;LQ250;NA;LQ;11.88;LQ;LQ;LQ;LQ;LQ;LQ;LQ250;39.90;LQ;18.96;16.23;LD;LD;LD;LD;LD;LD;LQ;LD;LD;LQ;LD;LD;LD;LD;LD;LD;LD;LD;LQ;LQ;LD;LD0.30;LD;LD;LD;LD;LD;LD;LD;LD;LD;LD;LD;LD;LD;LD;LD;https://doi.org/10.1016/j.marenvres.2020.104962 and https://doi.org/10.1016/j.ecoenv.2016.01.011
QUAMPO_water_sample_06;2020-09-21_STARESO_port;24.08;37.40;NA;NA;NA;0.22;LD0.02;0.42;LQ0.26;LQ0.05;LD0.00;LQ;LQ;LQ;LQ;LQ;LQ;LQ;LQ;LQ250;NA;LQ;LQ;LQ;LQ;LQ;LQ;LQ;LQ;LQ250;65.37;LD;19.77;LQ;LD;LD;LD;LD;LD;LD;LD;LD;LD;LQ;5.40;LD;LD;LD;LD;LD;LD;LD;LQ;LQ;LD;LD0.30;LD;LD;LD;LD;LD;LD;LD;LD;LD;LD;LD;LD;LD;LD;LD;https://doi.org/10.1016/j.marenvres.2020.104962 and https://doi.org/10.1016/j.ecoenv.2016.01.011
QUAMPO_water_sample_07;2020-09-22_Ile_rousse_fairing;24.71;38.03;NA;NA;NA;0.58;LD0.02;0.20;0.98;LQ0.05;LD0.00;LQ;LQ;LQ;LQ;LQ;LQ;LQ;11.74;LQ250;NA;1.10;LQ;LQ;1.58;LQ;LQ;LQ;LQ;LQ250;48.57;LD;24.24;23.16;LD;LD;LD;LD;LD;LD;LQ;LD;LD;LQ;LD;LD;LD;LD;LD;LD;LD;LD;LD;LD;LD;LD0.30;LD;LD;LD;LD;LD;LD;LD;LD;LD;LD;LD;LD;LD;LD;LD;https://doi.org/10.1016/j.marenvres.2020.104962 and https://doi.org/10.1016/j.ecoenv.2016.01.011
QUAMPO_water_sample_08;2020-09-22_St_florent_fairing;24.21;37.24;NA;NA;NA;2.94;0.47;14.42;10.75;0.63;5.21;LQ;LQ;LQ;LQ;LQ;LQ;LQ;10.28;LQ250;NA;5.82;LQ;LQ;LQ;LQ;LQ;LQ;LQ;LQ250;49.17;LQ;26.20;11.25;LD;LD;LD;LD;LD;LD;LQ;LD;LD;LQ;LQ;LD;LD;LD;LD;LQ;LD;LD;LD;LD;LD;LD0.30;LD;LD;LD;LQ;1.73;LD;LD;LD;4.08;2.30;1.00;1.10;LQ;LQ;LQ;https://doi.org/10.1016/j.marenvres.2020.104962 and https://doi.org/10.1016/j.ecoenv.2016.01.011
QUAMPO_water_sample_09;2020-10-29_Ile_rousse_fairing;18.23;38.22;7.38;8.18;NA;0.18;LD0.02;0.25;1.05;0.06;LD0.00;NA;NA;NA;NA;NA;NA;NA;NA;NA;NA;NA;NA;NA;NA;NA;NA;NA;NA;NA;NA;NA;NA;NA;NA;NA;NA;NA;NA;NA;NA;NA;NA;NA;NA;NA;NA;NA;NA;NA;NA;NA;NA;NA;NA;NA;NA;NA;NA;NA;NA;NA;NA;NA;NA;NA;NA;NA;NA;NA;NA;https://doi.org/10.1016/j.marenvres.2020.104962 and https://doi.org/10.1016/j.ecoenv.2016.01.011
QUAMPO_water_sample_10;2020-10-29_STARESO_port;18.76;38.16;7.69;8.00;NA;0.23;LD0.02;0.38;LD0.08;LQ0.05;LD0.00;NA;NA;NA;NA;NA;NA;NA;NA;NA;NA;NA;NA;NA;NA;NA;NA;NA;NA;NA;NA;NA;NA;NA;NA;NA;NA;NA;NA;NA;NA;NA;NA;NA;NA;NA;NA;NA;NA;NA;NA;NA;NA;NA;NA;NA;NA;NA;NA;NA;NA;NA;NA;NA;NA;NA;NA;NA;NA;NA;NA;https://doi.org/10.1016/j.marenvres.2020.104962 and https://doi.org/10.1016/j.ecoenv.2016.01.011
QUAMPO_water_sample_11;2020-10-29_Calvi_fairing;17.76;38.06;7.33;8.17;NA;1.18;0.03;0.16;0.78;LQ0.05;LD0.00;NA;NA;NA;NA;NA;NA;NA;NA;NA;NA;NA;NA;NA;NA;NA;NA;NA;NA;NA;NA;NA;NA;NA;NA;NA;NA;NA;NA;NA;NA;NA;NA;NA;NA;NA;NA;NA;NA;NA;NA;NA;NA;NA;NA;NA;NA;NA;NA;NA;NA;NA;NA;NA;NA;NA;NA;NA;NA;NA;NA;https://doi.org/10.1016/j.marenvres.2020.104962 and https://doi.org/10.1016/j.ecoenv.2016.01.011
QUAMPO_water_sample_12;2020-10-29_St_florent_fairing;17.31;36.47;6.68;8.08;NA;1.11;0.40;9.95;9.15;0.60;5.18;NA;NA;NA;NA;NA;NA;NA;NA;NA;NA;NA;NA;NA;NA;NA;NA;NA;NA;NA;NA;NA;NA;NA;NA;NA;NA;NA;NA;NA;NA;NA;NA;NA;NA;NA;NA;NA;NA;NA;NA;NA;NA;NA;NA;NA;NA;NA;NA;NA;NA;NA;NA;NA;NA;NA;NA;NA;NA;NA;NA;https://doi.org/10.1016/j.marenvres.2020.104962 and https://doi.org/10.1016/j.ecoenv.2016.01.011
QUAMPO_water_sample_13;2021-01-25_Calvi_fairing;13.26;37.47;8.17;8.03;NA;0.51;LQ0.05;0.22;0.70;0.08;LD0.00;LQ;LQ;LQ;LQ;LQ;LQ;LQ;LQ;LQ500;NA;LQ;LQ;LQ;LQ;LQ;LQ;LQ;LQ;LQ500;LQ;LD;LQ;5.24;LD;LD;LD;LD;LD;LD;LD;LD;LQ;LD;LD;LD;LD;LD;LD;LD;LD;LD;LD;LD;LD;LD1.50;LD;LD;LD;LD;LD;LD;LD;LD;LD;LD;LD;LD;LD;LD;LD;https://doi.org/10.1016/j.marenvres.2020.104962 and https://doi.org/10.1016/j.ecoenv.2016.01.011
QUAMPO_water_sample_14;2021-01-25_STARESO_port;13.65;37.74;8.30;8.10;NA;0.42;LQ0.05;0.38;0.43;0.13;LD0.00;LQ;LQ;LQ;LQ;LQ;LQ;LQ;LQ;LQ500;NA;LQ;LQ;LQ;LQ;LQ;LQ;LQ;LQ;LQ500;LD;LD;LQ;LQ;LD;LD;LD;LD;LD;LD;LD;LD;LD;LD;LD;LD;LD;LD;LD;LD;LD;LD;LD;LD;LD;LD1.50;LD;LD;LD;LD;LD;LD;LD;LD;LD;LD;LD;LD;LD;LD;LD;https://doi.org/10.1016/j.marenvres.2020.104962 and https://doi.org/10.1016/j.ecoenv.2016.01.011
QUAMPO_water_sample_15;2021-01-26_St_florent_fairing;11.39;29.08;8.13;8.00;NA;1.15;LQ0.05;6.40;75.76;0.23;0.11;LQ;LQ;LQ;LQ;LQ;LQ;LQ;LQ;LQ500;NA;1.72;LQ;LQ;LQ;LQ;LQ;LQ;LQ;LQ500;6.80;LQ;6.90;13.08;LD;LD;LD;LD;LQ;LD;LD;LQ;LQ;7.91;LD;LQ;LD;LQ;LD;LD;LD;LD;LD;LD;LD;LD1.50;LD;LD;LD;LD;LD;LD;LD;LD;LD;LD;LD;LD;LD;LD;LD;https://doi.org/10.1016/j.marenvres.2020.104962 and https://doi.org/10.1016/j.ecoenv.2016.01.011
QUAMPO_water_sample_16;2021-01-26_Ile_rousse_fairing;12.60;37.75;8.41;8.02;NA;0.55;LQ0.05;0.61;1.41;0.08;LD0.00;LQ;LQ;LQ;LQ;LQ;LQ;LQ;LQ;LQ500;NA;LQ;LQ;LQ;LQ;LQ;LQ;LQ;LQ;LQ500;LQ;LQ;6.13;6.13;LD;LD;LD;LD;LD;LD;LD;LQ;LQ;LD;LD;LD;LD;LD;LD;LD;LD;LD;LD;LD;LD;LD1.50;LD;LD;LD;LD;LD;LD;LD;LD;LD;LD;LD;LD;LD;LD;LD;https://doi.org/10.1016/j.marenvres.2020.104962 and https://doi.org/10.1016/j.ecoenv.2016.01.011
QUAMPO_water_sample_17;2021-09-20_Calvi_fairing;23.81;38.24;7.13;8.22;NA;1.96;LD0.01;0.27;1.81;0.06;0.25;LQ;LQ;LQ;LQ;LQ;1.40;LQ;17.54;LQ500;LQ;1.16;11.12;LQ;1.14;2.32;LQ;LQ;LQ;LQ500;LQ;LD;6.07;LQ;LD;LD;LD;LD;LD;LD;LD;LD;LD;LQ;LD;LD;LD;LD;LD;LD;LD;LD;LD;LD;LD;LD1.50;LD;LD;LD;LD;LD;LD;LD;LD;LD;LD;LD;LD;LD;LD;LD;https://doi.org/10.1016/j.marenvres.2020.104962 and https://doi.org/10.1016/j.ecoenv.2016.01.011
QUAMPO_water_sample_18;2021-09-20_STARESO_port;24.14;38.26;7.54;8.05;NA;0.18;LD0.01;0.20;0.35;0.04;LD0.04;LQ;LQ;LQ;LQ;LQ;LQ;LQ;LQ;LQ500;LQ;LQ;LQ;LQ;LQ;2.16;LQ;LQ;LQ;LQ500;LD;LD;LQ;6.27;LD;LD;LD;LD;LD;LD;LD;LD;LD;LQ;LD;LD;LD;LD;LD;LD;LD;LD;LD;LD;LD;LD1.50;LD;LD;LD;LD;LD;LD;LD;LD;LD;LD;LD;LD;LD;LD;LD;https://doi.org/10.1016/j.marenvres.2020.104962 and https://doi.org/10.1016/j.ecoenv.2016.01.011
QUAMPO_water_sample_19;2021-09-21_Ile_rousse_fairing;23.90;38.22;7.38;8.26;NA;0.21;LD0.01;LD0.02;LQ0.11;0.02;LD0.04;LQ;LQ;LQ;LQ;LQ;1.10;LQ;LQ;LQ500;LQ;LQ;LQ;LQ;8.06;2.86;LQ;LQ;LQ;LQ500;LQ;11.35;9.90;9.16;LD;LD;LD;LD;LD;2.00;LD;LQ;LQ;6.30;LD;LQ;LD;LQ;LD;LD;LD;LD;LD;LD;LD;LD1.50;LD;LD;LD;LD;LD;LD;LD;LD;LD;LD;LD;LD;LD;LD;LD;https://doi.org/10.1016/j.marenvres.2020.104962 and https://doi.org/10.1016/j.ecoenv.2016.01.011
QUAMPO_water_sample_20;2021-09-21_St_florent_fairing;23.11;37.87;6.21;8.18;NA;8.22;0.44;11.95;5.21;0.45;0.88;LQ;223.50;LQ;LQ;LQ;1.66;LQ;18.00;LQ500;LQ;12.18;LQ;LQ;LQ;2.14;LQ;LQ;LQ;LQ500;LD;LD;5.54;9.00;LD;LD;LD;LD;LD;LD;LD;LD;LQ;7.50;LD;LD;LD;LD;LD;LD;LD;LD;LD;LD;LD;LD1.50;LD;LD;LD;LD;LD;LD;LD;LD;LD;LD;LD;LD;LD;LD;LD;https://doi.org/10.1016/j.marenvres.2020.104962 and https://doi.org/10.1016/j.ecoenv.2016.01.011
QUAMPO_water_sample_21;2022-01-21_St_florent_fairing;13.86;37.35;8.08;8.00;NA;2.53;0.07;4.42;22.34;0.31;LD0.16;LQ;LQ;LQ;LQ;LQ;LQ;LQ;13.04;LQ500;NA;12.84;LQ;LQ;LQ;LQ;47.82;LQ;LQ;LQ500;LQ;LQ;5.32;7.21;LD;LD;LD;LD;LD;LD;LD;7.21;LQ;5.43;LD;LQ;LD;LD;LD;LD;LD;LD;LD;LD;LQ;LD1.50;LD;LD;LD;LD;LD;LD;LD;LD;LD;LD;LD;LD;LD;LD;LD;https://doi.org/10.1016/j.marenvres.2020.104962 and https://doi.org/10.1016/j.ecoenv.2016.01.011
QUAMPO_water_sample_22;2022-01-21_Ile_rousse_fairing;13.33;38.45;7.96;8.01;NA;0.44;0.09;1.41;2.37;0.18;LD0.16;LQ;LQ;14.84;LQ;LQ;LQ;LQ;2.98;LQ500;NA;LQ;LQ;LQ;1.34;LQ;49.34;LQ;LQ;LQ500;LQ;LQ;5.61;8.99;LD;LD;LD;LD;LD;LD;LD;LQ;LQ;9.18;LD;LQ;LD;LQ;LD;LD;LD;LD;LD;LD;LD;LD1.50;LD;LD;LD;LD;LD;LD;LD;LD;LD;LD;LD;LD;LD;LD;LD;https://doi.org/10.1016/j.marenvres.2020.104962 and https://doi.org/10.1016/j.ecoenv.2016.01.011
QUAMPO_water_sample_23;2022-01-20_Calvi_fairing;13.23;38.33;7.93;8.03;NA;1.05;0.08;0.51;0.29;0.07;LD0.16;LQ;LQ;LQ;LQ;LQ;LQ;LQ;5.92;LQ500;NA;LQ;LQ;LQ;LQ;LQ;85.16;LQ;LQ;LQ500;7.98;13.17;14.31;10.79;LD;LD;LD;LD;LD;LD;LD;LQ;LQ;6.04;LD;LQ;LD;LD;LQ;LD;LD;LD;LD;LD;LQ;LD1.50;LD;LD;LD;LD;LD;LD;LD;LD;LD;LD;LD;LD;LD;LD;LD;https://doi.org/10.1016/j.marenvres.2020.104962 and https://doi.org/10.1016/j.ecoenv.2016.01.011
QUAMPO_water_sample_24;2022-01-20_STARESO_port;14.12;38.45;8.13;8.04;NA;0.70;0.06;0.27;LD0.02;0.07;LD0.16;LQ;LQ;LQ;LQ;LQ;LQ;LQ;LQ;LQ500;NA;LQ;LQ;LQ;LQ;LQ;83.12;LQ;LQ;LQ500;LQ;LD;LQ;5.58;LD;LD;LD;LD;LD;LD;LD;LQ;LQ;7.61;LD;LQ;LD;LD;LD;LD;LD;LD;LD;LD;LQ;LQ5.00;LD;LD;LD;LD;LQ;LD;LD;LD;1.86;LD;LD;LD;LD;LD;LD;https://doi.org/10.1016/j.marenvres.2020.104962 and https://doi.org/10.1016/j.ecoenv.2016.01.011
;;;;;;;;;;;;;;;;;;;;;;;;;;;;;;;;;;;;;;;;;;;;;;;;;;;;;;;;;;;;;;;;;;;;;;;;;
;;;;;;;;;;;;;;;;;;;;;;;;;;;;;;;;;;;;;;;;;;;;;;;;;;;;;;;;;;;;;;;;;;;;;;;;;
;;;;;;;;;;;;;;;;;;;;;;;;;;;;;;;;;;;;;;;;;;;;;;;;;;;;;;;;;;;;;;;;;;;;;;;;;
;;;;;;;;;;;;;;;;;;;;;;;;;;;;;;;;;;;;;;;;;;;;;;;;;;;;;;;;;;;;;;;;;;;;;;;;;
